layer_mean_std::0,layer_mean_std::1,layer_mean_std::2,layer_mean_std::3,layer_mean_std::4,layer_mean_std::5,layer_mean_std::6,layer_mean_std::7,loss_held,loss_in,mod_mean_std::mlp.down_proj,mod_mean_std::mlp.gate_proj,mod_mean_std::mlp.up_proj,mod_mean_std::self_attn.k_proj,mod_mean_std::self_attn.o_proj,mod_mean_std::self_attn.q_proj,mod_mean_std::self_attn.v_proj,norm::lm_head.weight,norm::model.embed_tokens.weight,norm::model.layers.0.mlp.down_proj.weight,norm::model.layers.0.mlp.gate_proj.weight,norm::model.layers.0.mlp.up_proj.weight,norm::model.layers.0.self_attn.k_proj.weight,norm::model.layers.0.self_attn.o_proj.weight,norm::model.layers.0.self_attn.q_proj.weight,norm::model.layers.0.self_attn.v_proj.weight,norm::model.layers.1.mlp.down_proj.weight,norm::model.layers.1.mlp.gate_proj.weight,norm::model.layers.1.mlp.up_proj.weight,norm::model.layers.1.self_attn.k_proj.weight,norm::model.layers.1.self_attn.o_proj.weight,norm::model.layers.1.self_attn.q_proj.weight,norm::model.layers.1.self_attn.v_proj.weight,norm::model.layers.2.mlp.down_proj.weight,norm::model.layers.2.mlp.gate_proj.weight,norm::model.layers.2.mlp.up_proj.weight,norm::model.layers.2.self_attn.k_proj.weight,norm::model.layers.2.self_attn.o_proj.weight,norm::model.layers.2.self_attn.q_proj.weight,norm::model.layers.2.self_attn.v_proj.weight,norm::model.layers.3.mlp.down_proj.weight,norm::model.layers.3.mlp.gate_proj.weight,norm::model.layers.3.mlp.up_proj.weight,norm::model.layers.3.self_attn.k_proj.weight,norm::model.layers.3.self_attn.o_proj.weight,norm::model.layers.3.self_attn.q_proj.weight,norm::model.layers.3.self_attn.v_proj.weight,norm::model.layers.4.mlp.down_proj.weight,norm::model.layers.4.mlp.gate_proj.weight,norm::model.layers.4.mlp.up_proj.weight,norm::model.layers.4.self_attn.k_proj.weight,norm::model.layers.4.self_attn.o_proj.weight,norm::model.layers.4.self_attn.q_proj.weight,norm::model.layers.4.self_attn.v_proj.weight,norm::model.layers.5.mlp.down_proj.weight,norm::model.layers.5.mlp.gate_proj.weight,norm::model.layers.5.mlp.up_proj.weight,norm::model.layers.5.self_attn.k_proj.weight,norm::model.layers.5.self_attn.o_proj.weight,norm::model.layers.5.self_attn.q_proj.weight,norm::model.layers.5.self_attn.v_proj.weight,norm::model.layers.6.mlp.down_proj.weight,norm::model.layers.6.mlp.gate_proj.weight,norm::model.layers.6.mlp.up_proj.weight,norm::model.layers.6.self_attn.k_proj.weight,norm::model.layers.6.self_attn.o_proj.weight,norm::model.layers.6.self_attn.q_proj.weight,norm::model.layers.6.self_attn.v_proj.weight,norm::model.layers.7.mlp.down_proj.weight,norm::model.layers.7.mlp.gate_proj.weight,norm::model.layers.7.mlp.up_proj.weight,norm::model.layers.7.self_attn.k_proj.weight,norm::model.layers.7.self_attn.o_proj.weight,norm::model.layers.7.self_attn.q_proj.weight,norm::model.layers.7.self_attn.v_proj.weight,stable_rank_embed,std::lm_head.weight,std::model.embed_tokens.weight,std::model.layers.0.mlp.down_proj.weight,std::model.layers.0.mlp.gate_proj.weight,std::model.layers.0.mlp.up_proj.weight,std::model.layers.0.self_attn.k_proj.weight,std::model.layers.0.self_attn.o_proj.weight,std::model.layers.0.self_attn.q_proj.weight,std::model.layers.0.self_attn.v_proj.weight,std::model.layers.1.mlp.down_proj.weight,std::model.layers.1.mlp.gate_proj.weight,std::model.layers.1.mlp.up_proj.weight,std::model.layers.1.self_attn.k_proj.weight,std::model.layers.1.self_attn.o_proj.weight,std::model.layers.1.self_attn.q_proj.weight,std::model.layers.1.self_attn.v_proj.weight,std::model.layers.2.mlp.down_proj.weight,std::model.layers.2.mlp.gate_proj.weight,std::model.layers.2.mlp.up_proj.weight,std::model.layers.2.self_attn.k_proj.weight,std::model.layers.2.self_attn.o_proj.weight,std::model.layers.2.self_attn.q_proj.weight,std::model.layers.2.self_attn.v_proj.weight,std::model.layers.3.mlp.down_proj.weight,std::model.layers.3.mlp.gate_proj.weight,std::model.layers.3.mlp.up_proj.weight,std::model.layers.3.self_attn.k_proj.weight,std::model.layers.3.self_attn.o_proj.weight,std::model.layers.3.self_attn.q_proj.weight,std::model.layers.3.self_attn.v_proj.weight,std::model.layers.4.mlp.down_proj.weight,std::model.layers.4.mlp.gate_proj.weight,std::model.layers.4.mlp.up_proj.weight,std::model.layers.4.self_attn.k_proj.weight,std::model.layers.4.self_attn.o_proj.weight,std::model.layers.4.self_attn.q_proj.weight,std::model.layers.4.self_attn.v_proj.weight,std::model.layers.5.mlp.down_proj.weight,std::model.layers.5.mlp.gate_proj.weight,std::model.layers.5.mlp.up_proj.weight,std::model.layers.5.self_attn.k_proj.weight,std::model.layers.5.self_attn.o_proj.weight,std::model.layers.5.self_attn.q_proj.weight,std::model.layers.5.self_attn.v_proj.weight,std::model.layers.6.mlp.down_proj.weight,std::model.layers.6.mlp.gate_proj.weight,std::model.layers.6.mlp.up_proj.weight,std::model.layers.6.self_attn.k_proj.weight,std::model.layers.6.self_attn.o_proj.weight,std::model.layers.6.self_attn.q_proj.weight,std::model.layers.6.self_attn.v_proj.weight,std::model.layers.7.mlp.down_proj.weight,std::model.layers.7.mlp.gate_proj.weight,std::model.layers.7.mlp.up_proj.weight,std::model.layers.7.self_attn.k_proj.weight,std::model.layers.7.self_attn.o_proj.weight,std::model.layers.7.self_attn.q_proj.weight,std::model.layers.7.self_attn.v_proj.weight,step,total_norm
0.027619946748018265,0.02664936041193349,0.026946532406977246,0.027226305965866362,0.027510366535612514,0.027740889095834324,0.028285470392022814,0.028541843805994307,5.305540084838867,4.2286576628685,0.020755182718858123,0.02913387306034565,0.02974360529333353,0.02932302327826619,0.027268346631899476,0.029733106261119246,0.026998488698154688,58.790340423583984,58.790340423583984,17.342256546020508,24.588390350341797,24.783945083618164,7.698410511016846,14.106568336486816,15.268299102783203,6.994084358215332,16.440462112426758,23.631898880004883,24.171207427978516,7.425870418548584,13.611567497253418,14.95970630645752,6.674172878265381,17.0352725982666,24.11416244506836,24.734041213989258,7.423954963684082,13.648451805114746,14.949176788330078,6.7012434005737305,17.30988883972168,24.40279197692871,25.000497817993164,7.428435802459717,13.749686241149902,15.100954055786133,6.821256160736084,17.5333309173584,24.634462356567383,25.2235107421875,7.447441577911377,13.97395133972168,15.20476245880127,6.942746639251709,17.783531188964844,24.867097854614258,25.504915237426758,7.511197090148926,14.033927917480469,15.414911270141602,6.926429271697998,18.50310707092285,25.550918579101562,26.096508026123047,7.599499702453613,14.216054916381836,15.521964073181152,7.068347930908203,19.031064987182617,26.101478576660156,26.51836395263672,7.519539833068848,14.351360321044922,15.367667198181152,7.164700984954834,8.333295822143555,0.03247882053256035,0.03247882053256035,0.020425232127308846,0.028959600254893303,0.029189784079790115,0.03007163666188717,0.027551844716072083,0.02982073463499546,0.027320794761180878,0.01936320774257183,0.02783299796283245,0.028468120843172073,0.02900717779994011,0.026585066691040993,0.029218018054962158,0.026070933789014816,0.02006373181939125,0.02840098924934864,0.029131067916750908,0.02899867296218872,0.026656920090317726,0.029197555035352707,0.02617678977549076,0.020387183874845505,0.02874101884663105,0.029444808140397072,0.02901693619787693,0.026854801923036575,0.029494009912014008,0.02664538286626339,0.020650263875722885,0.02901386469602585,0.02970733307301998,0.02909141406416893,0.02729283645749092,0.02969674952328205,0.027120104059576988,0.02094501256942749,0.029287802055478096,0.030039047822356224,0.0293407142162323,0.02740994654595852,0.03010720945894718,0.027056491002440453,0.021792514249682426,0.030093098059296608,0.030735870823264122,0.02968476340174675,0.02776557393372059,0.030315779149532318,0.027610693126916885,0.02241431549191475,0.0307416133582592,0.031232809647917747,0.029372870922088623,0.028029782697558403,0.030014794319868088,0.027986720204353333,2000,153.80306230132936
0.02953236204172884,0.029129429321203913,0.029531859925815036,0.030084594285913875,0.030766397714614868,0.03205110851143088,0.032873659527727535,0.03244161286524364,4.588588714599609,3.4393294155597687,0.025212052511051297,0.03261643834412098,0.033657959662377834,0.03221763367764652,0.029802134493365884,0.032887179870158434,0.029216247610747814,66.58572387695312,66.58572387695312,19.842466354370117,26.06963348388672,26.393898010253906,8.135848999023438,15.035548210144043,16.113622665405273,7.410628795623779,19.970720291137695,26.042869567871094,27.306346893310547,7.899413585662842,14.476332664489746,16.19452476501465,6.85848331451416,20.726327896118164,26.82723045349121,28.11233139038086,7.93338680267334,14.394052505493164,16.22592544555664,6.864108562469482,21.133520126342773,27.356979370117188,28.479066848754883,7.952212810516357,14.72708511352539,16.443078994750977,7.167413711547852,21.548608779907227,27.8751163482666,28.847803115844727,8.077315330505371,15.240758895874023,16.69111442565918,7.490583896636963,21.96123504638672,28.31313133239746,29.283672332763672,8.743724822998047,15.846597671508789,17.826061248779297,7.867906093597412,22.871286392211914,29.2891845703125,29.9871826171875,8.861932754516602,16.270401000976562,18.034448623657227,8.127180099487305,23.19830322265625,29.771678924560547,30.210859298706055,8.378840446472168,16.079050064086914,17.17784881591797,8.048563957214355,8.628791809082031,0.03678573668003082,0.03678573668003082,0.023369915783405304,0.03070419281721115,0.031085971742868423,0.03178048133850098,0.029366234317421913,0.031471818685531616,0.028947919607162476,0.023520994931459427,0.030672669410705566,0.032160770148038864,0.0308569073677063,0.028274064883589745,0.031629595905542374,0.026791002601385117,0.024410903453826904,0.03159647434949875,0.03310980275273323,0.03098844550549984,0.028113242238759995,0.03169114142656326,0.02681300975382328,0.0248904787003994,0.032220445573329926,0.03354185074567795,0.031062647700309753,0.028763817623257637,0.032115332782268524,0.027997586876153946,0.02537919208407402,0.03283069282770157,0.03397587686777115,0.03155209496617317,0.029767051339149475,0.03259974718093872,0.02926012873649597,0.025865338742733,0.033346571028232574,0.03448953852057457,0.034155312925577164,0.03095036745071411,0.034816451370716095,0.03073417954146862,0.026937207207083702,0.03449612110853195,0.035318195819854736,0.034616291522979736,0.031777940690517426,0.035223037004470825,0.03174682334065437,0.02732238918542862,0.03506433963775635,0.035581670701503754,0.0327288880944252,0.03140435740351677,0.03355031460523605,0.03143933042883873,4000,174.27597870224258
0.030829479651791707,0.030815879947372844,0.031284292361566,0.0319802811635392,0.03285325105701174,0.03519010730087757,0.035973110901457925,0.0349943001887628,4.205979824066162,3.0481525659561157,0.028007709654048085,0.034840415231883526,0.036040596198290586,0.033642558846622705,0.032215643441304564,0.034646022599190474,0.03153766877949238,71.67455291748047,71.67455291748047,21.42079734802246,26.90523910522461,27.359607696533203,8.378132820129395,15.855905532836914,16.663419723510742,7.788714408874512,22.365463256835938,27.77240562438965,29.44548225402832,8.162652969360352,15.20534610748291,16.899723052978516,7.011758804321289,23.082149505615234,28.62010955810547,30.259037017822266,8.230161666870117,15.076356887817383,17.06458854675293,7.049073696136475,23.574005126953125,29.293415069580078,30.64318084716797,8.23379135131836,15.579349517822266,17.245304107666016,7.483479022979736,23.92234992980957,29.78999900817871,30.912641525268555,8.330078125,16.446462631225586,17.441679000854492,8.083776473999023,24.574970245361328,30.552814483642578,31.567855834960938,9.345463752746582,17.896934509277344,19.15184211730957,9.05112075805664,25.518835067749023,31.63790512084961,32.24397659301758,9.410957336425781,18.358182907104492,19.279197692871094,9.279289245605469,25.782983779907227,32.080116271972656,32.37363052368164,8.809892654418945,17.537179946899414,18.165071487426758,8.841897010803223,9.147955894470215,0.03959716111421585,0.03959716111421585,0.02522878535091877,0.0316883884370327,0.032223474234342575,0.032726820558309555,0.030968481674790382,0.03254559263586998,0.030424814671278,0.026341421529650688,0.032709717750549316,0.034680236130952835,0.031885094940662384,0.029697898775339127,0.03300701454281807,0.027389775961637497,0.02718556486070156,0.03370814025402069,0.03563804551959038,0.032147910445928574,0.029445786029100418,0.033329080790281296,0.027535518631339073,0.02776486799120903,0.03450116515159607,0.036090683192014694,0.03216250613331795,0.030428379774093628,0.03368216007947922,0.02923220582306385,0.02817501872777939,0.03508599102497101,0.036407530307769775,0.032539259642362595,0.032121963798999786,0.034065671265125275,0.031577322632074356,0.02894383855164051,0.035984382033348083,0.03717971220612526,0.036505941301584244,0.03495486453175545,0.03740587830543518,0.03535613417625427,0.03005553036928177,0.03726241737604141,0.03797614574432373,0.03676066920161247,0.03585551679134369,0.037654243409633636,0.03624725341796875,0.030366649851202965,0.037783119827508926,0.038128942251205444,0.03441226854920387,0.03425225615501404,0.035478539764881134,0.03453832492232323,6000,187.57322404425673
0.031863786546247344,0.03216817229986191,0.0326985235192946,0.0334693118929863,0.03440027231616633,0.03718139071549688,0.03791978156992367,0.03692581504583359,3.9563333988189697,2.889083504676819,0.030124926008284092,0.036563232075423,0.037791903130710125,0.03441813541576266,0.03409709548577666,0.035728196147829294,0.03332518390379846,75.16181182861328,75.16181182861328,22.62348747253418,27.587692260742188,28.134185791015625,8.56118106842041,16.53325653076172,17.088712692260742,8.105929374694824,24.163679122924805,29.13832664489746,31.060604095458984,8.37326717376709,15.824901580810547,17.450286865234375,7.198317050933838,24.867277145385742,30.038299560546875,31.857349395751953,8.455793380737305,15.714674949645996,17.702585220336914,7.271722316741943,25.392181396484375,30.78404426574707,32.2049560546875,8.440335273742676,16.330026626586914,17.851512908935547,7.798364162445068,25.667110443115234,31.238847732543945,32.36861801147461,8.512297630310059,17.373762130737305,17.973419189453125,8.542407989501953,26.58984375,32.29305648803711,33.22687530517578,9.560577392578125,19.281158447265625,19.732860565185547,9.789384841918945,27.532268524169922,33.42152786254883,33.8848991394043,9.57055377960205,19.78416633605957,19.784847259521484,10.00267219543457,27.786479949951172,33.85222625732422,33.964168548583984,9.015588760375977,18.820205688476562,18.759111404418945,9.541187286376953,9.537741661071777,0.04152381047606468,0.04152381047606468,0.026645300909876823,0.03249216079711914,0.03313576802611351,0.03344159573316574,0.03229145705699921,0.03337628021836281,0.03166394308209419,0.028459426015615463,0.034318555146455765,0.036582399159669876,0.03270801156759262,0.030907979235053062,0.03408244624733925,0.02811838872730732,0.02928813174366951,0.035378407686948776,0.03752046450972557,0.03302963450551033,0.0306925680488348,0.03457516059279442,0.02840529754757881,0.02990632876753807,0.036256831139326096,0.037930022925138474,0.032969195395708084,0.03189447149634361,0.03486616536974907,0.030462168157100677,0.03023003228008747,0.03679244592785835,0.03812221437692642,0.03325086832046509,0.03393308445811272,0.03510430082678795,0.03336896002292633,0.03131694719195366,0.03803406283259392,0.03913350775837898,0.037346210330724716,0.03765842318534851,0.03854064270853996,0.038239941000938416,0.032426945865154266,0.03936312347650528,0.03990865871310234,0.037384193390607834,0.03864068165421486,0.03864184767007828,0.039073020219802856,0.03272629529237747,0.03987026959657669,0.040002189576625824,0.03521537408232689,0.036758098751306534,0.03663872554898262,0.037269752472639084,8000,197.26448940924686
0.032828662278396745,0.033332290926149914,0.03392319833593709,0.034742485731840134,0.035696796008518765,0.0387769171169826,0.039516417575734,0.0385636394577367,3.9259934425354004,2.778863400220871,0.03188896249048412,0.03801735397428274,0.03922449005767703,0.03507527196779847,0.03573584742844105,0.03663444286212325,0.03488148772157729,77.93341827392578,77.93341827392578,23.67958641052246,28.230022430419922,28.841859817504883,8.75161361694336,17.148582458496094,17.511394500732422,8.400060653686523,25.646265029907227,30.289520263671875,32.39963912963867,8.569637298583984,16.368549346923828,17.929996490478516,7.378530979156494,26.34404754638672,31.239208221435547,33.17132568359375,8.657086372375488,16.305931091308594,18.252878189086914,7.490797996520996,26.898426055908203,32.050193786621094,33.47859573364258,8.616243362426758,17.005388259887695,18.347923278808594,8.098166465759277,27.095048904418945,32.430477142333984,33.51207733154297,8.677947044372559,18.16678237915039,18.438573837280273,8.936479568481445,28.254186630249023,33.73834228515625,34.55964279174805,9.72767162322998,20.397727966308594,20.177152633666992,10.361652374267578,29.21616554260254,34.91365051269531,35.22455978393555,9.680968284606934,20.991649627685547,20.170408248901367,10.595486640930176,29.470561981201172,35.339820861816406,35.244911193847656,9.154364585876465,19.99000358581543,19.2270565032959,10.176118850708008,9.869236946105957,0.04305490106344223,0.04305490106344223,0.027889152988791466,0.033248674124479294,0.0339692048728466,0.034185729920864105,0.03349323943257332,0.03420179709792137,0.03281283751130104,0.030205601826310158,0.035674337297677994,0.03815947473049164,0.033475205302238464,0.03196977078914642,0.03501937910914421,0.028822267428040504,0.03102741576731205,0.03679284453392029,0.039068084210157394,0.033815860748291016,0.03184729442000389,0.035649847239255905,0.029261041432619095,0.03168042376637459,0.03774801641702652,0.03943005949258804,0.03365641459822655,0.03321350738406181,0.03583569452166557,0.03163328394293785,0.031911879777908325,0.038195908069610596,0.039468880742788315,0.033897873014211655,0.03548194468021393,0.03601275756955147,0.03490832820534706,0.0332772321999073,0.039736226201057434,0.04070306196808815,0.03799891099333763,0.03983921930193901,0.03940838575363159,0.04047538340091705,0.034410178661346436,0.041120514273643494,0.041486505419015884,0.03781520202755928,0.04099894315004349,0.039394937455654144,0.04138864204287529,0.03470981493592262,0.041622310876846313,0.041510649025440216,0.03575697913765907,0.03904286026954651,0.03755274415016174,0.0397501178085804,10000,205.27792492753557
0.033696734479495456,0.03439145003046308,0.03505849412509373,0.035892878259931295,0.036861296210970194,0.04012299382260868,0.04089645189898355,0.040031845548323224,3.8690907955169678,2.7025381326675415,0.03343613259494305,0.03930073510855436,0.04046149319037795,0.03564278827980161,0.03723024111241102,0.037446584552526474,0.03631515149027109,80.25164031982422,80.25164031982422,24.638086318969727,28.828367233276367,29.49213218688965,8.90623950958252,17.712020874023438,17.888591766357422,8.665228843688965,26.940261840820312,31.30841636657715,33.54941177368164,8.750697135925293,16.882713317871094,18.38494110107422,7.56691312789917,27.65380859375,32.32096862792969,34.318233489990234,8.857935905456543,16.869028091430664,18.778865814208984,7.712998867034912,28.221105575561523,33.169315338134766,34.575836181640625,8.770902633666992,17.636505126953125,18.804080963134766,8.39427375793457,28.367677688598633,33.49437713623047,34.50782775878906,8.829264640808105,18.88078498840332,18.86724090576172,9.295971870422363,29.679264068603516,34.973628997802734,35.67824935913086,9.873373031616211,21.34052276611328,20.546897888183594,10.832447052001953,30.664968490600586,36.19832992553711,36.35280227661133,9.75049114227295,22.087047576904297,20.479352951049805,11.13241958618164,30.948190689086914,36.65523147583008,36.36064529418945,9.258874893188477,21.087127685546875,19.631885528564453,10.773167610168457,10.1480712890625,0.04433547332882881,0.04433547332882881,0.029018085449934006,0.03395340219140053,0.03473512455821037,0.03478965908288956,0.03459368646144867,0.03493855148553848,0.033848632127046585,0.031729649752378464,0.03687440976500511,0.03951362147927284,0.0341823473572731,0.0329740047454834,0.035907916724681854,0.029558200389146805,0.032570112496614456,0.03806693106889725,0.04041876643896103,0.03460024669766426,0.03294716030359268,0.03667721152305603,0.030129030346870422,0.033238209784030914,0.03906609117984772,0.040722351521253586,0.034260790795087814,0.03444604203104973,0.03672660514712334,0.032790057361125946,0.033410750329494476,0.03944889083504677,0.04064149037003517,0.03448887914419174,0.03687645494937897,0.03685000166296959,0.03631260618567467,0.034955572336912155,0.04119110852479935,0.04202057048678398,0.03856806829571724,0.04168064519762993,0.040130551904439926,0.04231444001197815,0.036116551607847214,0.042633552104234695,0.04281527176499367,0.03808708116412163,0.04313831776380539,0.03999838978052139,0.04348599910736084,0.03645012900233269,0.04317149519920349,0.042824748903512955,0.036165233701467514,0.041185617446899414,0.03834344819188118,0.04208224639296532,12000,212.25042031721682
0.0345055495521852,0.035345516034535,0.03605285792478493,0.03693974230970655,0.03788774726646287,0.04132035055330822,0.04213122544544084,0.041343064712626595,3.7248384952545166,2.6445115208625793,0.034813681384548545,0.04045634111389518,0.04155214875936508,0.03614004794508219,0.038586241658777,0.03816770715638995,0.03761912905611098,82.3197250366211,82.3197250366211,25.51605224609375,29.393800735473633,30.097396850585938,9.05885124206543,18.226030349731445,18.253952026367188,8.904638290405273,28.10710906982422,32.24966049194336,34.586761474609375,8.915868759155273,17.341718673706055,18.788694381713867,7.731603145599365,28.81301498413086,33.291542053222656,35.32931137084961,9.012351989746094,17.38641929626465,19.215900421142578,7.916368007659912,29.394664764404297,34.17833709716797,35.542484283447266,8.919479370117188,18.222753524780273,19.222061157226562,8.670026779174805,29.484201431274414,34.432621002197266,35.35512924194336,8.95461368560791,19.527484893798828,19.240530014038086,9.624990463256836,30.947017669677734,36.08506393432617,36.66411590576172,9.993080139160156,22.186790466308594,20.872013092041016,11.258124351501465,31.947647094726562,37.338260650634766,37.3394889831543,9.81540584564209,23.07610511779785,20.76174545288086,11.616503715515137,32.26049041748047,37.82879638671875,37.32889938354492,9.346534729003906,22.082637786865234,19.980609893798828,11.321784973144531,10.37692642211914,0.04547795653343201,0.04547795653343201,0.030052145943045616,0.034619323909282684,0.03544797748327255,0.03538574278354645,0.035597652196884155,0.03565220162272453,0.034783802926540375,0.03310399129986763,0.0379830002784729,0.04073537141084671,0.03482762724161148,0.03387050703167915,0.03669653460383415,0.030201580375432968,0.03393537551164627,0.03921002522110939,0.0416095070540905,0.03520343080163002,0.03395754471421242,0.03753071278333664,0.03092340938746929,0.03462044522166252,0.04025448113679886,0.041860826313495636,0.03484111651778221,0.035591065883636475,0.03754302114248276,0.0338672399520874,0.03472576290369034,0.04055395722389221,0.04163942113518715,0.03497866541147232,0.03813953325152397,0.037579070776700974,0.03759782016277313,0.03644875809550285,0.04250013828277588,0.04318156838417053,0.03903567045927048,0.04333353415131569,0.04076557606458664,0.04397720843553543,0.03762724623084068,0.043976109474897385,0.04397748038172722,0.03834064304828644,0.045070115476846695,0.04055004194378853,0.045376941561698914,0.037995725870132446,0.044553693383932114,0.043965037912130356,0.036507487297058105,0.04312998056411743,0.03902449831366539,0.04422502964735031,14000,218.48259430089888
0.03528349021715777,0.036234485251562934,0.037030557436602454,0.03790445253252983,0.03884769284299442,0.042381091841629574,0.04323883993285043,0.04255033018333571,3.622968912124634,2.590794175863266,0.03607367561198771,0.041523192543536425,0.04255039943382144,0.03663113620132208,0.03983971616253257,0.03884004335850477,0.038828909397125244,84.17652130126953,84.17652130126953,26.35270118713379,29.950111389160156,30.69512367248535,9.204934120178223,18.71089744567871,18.616270065307617,9.128837585449219,29.158172607421875,33.10733413696289,35.5301399230957,9.078301429748535,17.7725772857666,19.181865692138672,7.890353202819824,29.88173484802246,34.19700241088867,36.26164245605469,9.200790405273438,17.88958168029785,19.669845581054688,8.125054359436035,30.472911834716797,35.11141586303711,36.423851013183594,9.053985595703125,18.776700973510742,19.592737197875977,8.929880142211914,30.523839950561523,35.32054138183594,36.15876007080078,9.07795238494873,20.132041931152344,19.583032608032227,9.924834251403809,32.087646484375,37.088260650634766,37.53526306152344,10.099291801452637,22.931804656982422,21.15378189086914,11.63036823272705,33.106040954589844,38.37532424926758,38.22197723388672,9.871289253234863,23.96190071105957,21.003108978271484,12.053801536560059,33.44551086425781,38.89472198486328,38.19755172729492,9.435482025146484,23.00874137878418,20.28878402709961,11.838543891906738,10.577737808227539,0.046503596007823944,0.046503596007823944,0.031037548556923866,0.035274602472782135,0.036151934415102005,0.03595632314682007,0.036544643342494965,0.03635981306433678,0.03565956652164459,0.03434189036488533,0.03899307921528816,0.04184643551707268,0.035461921244859695,0.03471199795603752,0.0374644510447979,0.030821621417999268,0.03519412502646446,0.040276434272527695,0.04270758107304573,0.035939574241638184,0.03494030237197876,0.03841731324791908,0.03173857182264328,0.035890378057956696,0.04135341942310333,0.042898762971162796,0.03536631166934967,0.03667297959327698,0.03826698660850525,0.034882329404354095,0.03595021367073059,0.041599731892347336,0.04258594289422035,0.03546053543686867,0.03932030498981476,0.03824802115559578,0.03876909986138344,0.03779219090938568,0.043681636452674866,0.04420756548643112,0.03945058584213257,0.04478861019015312,0.041315868496894836,0.04543118551373482,0.03899163007736206,0.0451975092291832,0.045016810297966,0.03855909779667854,0.0468001589179039,0.04102150350809097,0.047085169702768326,0.03939142823219299,0.045809127390384674,0.04498816281557083,0.03685474023222923,0.04493873193860054,0.03962638974189758,0.046243730932474136,16000,224.18469764865878
0.03602133797747748,0.03706256513084684,0.037930578525577276,0.03880380040832928,0.039744319660323005,0.043368137308529446,0.044260921755007336,0.04364022186824253,3.541818141937256,2.5531180799007416,0.03722285199910402,0.04249913338571787,0.04344617435708642,0.03708150004968047,0.04101744573563337,0.039473915472626686,0.03998687630519271,85.87252807617188,85.87252807617188,27.140684127807617,30.486848831176758,31.27084732055664,9.335593223571777,19.171297073364258,18.965707778930664,9.342484474182129,30.115751266479492,33.8919792175293,36.374168395996094,9.235260963439941,18.178462982177734,19.561582565307617,8.044687271118164,30.847793579101562,35.0225944519043,37.09189987182617,9.36951732635498,18.36711883544922,20.086639404296875,8.331583023071289,31.45052146911621,35.96134567260742,37.209407806396484,9.188316345214844,19.293548583984375,19.952577590942383,9.18098258972168,31.480648040771484,36.137664794921875,36.87654495239258,9.194857597351074,20.697925567626953,19.912647247314453,10.215644836425781,33.112823486328125,37.99367141723633,38.3038215637207,10.197397232055664,23.651615142822266,21.417287826538086,11.99554443359375,34.15976333618164,39.31769943237305,39.00912094116211,9.914799690246582,24.79845428466797,21.224714279174805,12.473583221435547,34.52647018432617,39.8620491027832,38.973114013671875,9.508764266967773,23.849767684936523,20.56464958190918,12.308586120605469,10.756985664367676,0.04744058847427368,0.04744058847427368,0.03196560963988304,0.035906773060560226,0.03683004900813103,0.036466605961322784,0.037443872541189194,0.037042323499917984,0.03649413213133812,0.035469718277454376,0.03991720825433731,0.042840562760829926,0.036075130105018616,0.03550473600625992,0.0382060743868351,0.03142452612519264,0.036331869661808014,0.04124882444739342,0.043685346841812134,0.03659817948937416,0.03587312996387482,0.039231330156326294,0.03254536911845207,0.037041738629341125,0.04235430061817169,0.0438239723443985,0.03589112311601639,0.0376824326813221,0.03896982595324516,0.03586320951581001,0.037077054381370544,0.042562175542116165,0.04343133419752121,0.03591721132397652,0.04042559862136841,0.03889176994562149,0.03990509361028671,0.03899962455034256,0.04474804177880287,0.04511277750134468,0.039833806455135345,0.04619450122117996,0.041830506175756454,0.04685770347714424,0.04023267328739166,0.046307388693094254,0.04594383388757706,0.03872920572757721,0.048433978110551834,0.04145432636141777,0.04872504621744156,0.04066452756524086,0.046948354691267014,0.04590151831507683,0.03714073821902275,0.046581316739320755,0.040165167301893234,0.04807993024587631,18000,229.40394777993478
0.03670970244067056,0.03781969738858087,0.03872447035142353,0.03963432567460196,0.04056143122059958,0.044251030044896264,0.04521338801298823,0.04466198916946139,3.5432815551757812,2.52321058511734,0.03827205579727888,0.04339434811845422,0.044259937945753336,0.037483729887753725,0.04210975347086787,0.04004778899252415,0.04106141580268741,87.44800567626953,87.44800567626953,27.883344650268555,31.001951217651367,31.82140350341797,9.460892677307129,19.58568572998047,19.300697326660156,9.530831336975098,30.99077033996582,34.615562438964844,37.138484954833984,9.376405715942383,18.556562423706055,19.902132034301758,8.18857479095459,31.73342514038086,35.781612396240234,37.852108001708984,9.494261741638184,18.80327606201172,20.426115036010742,8.516608238220215,32.34425735473633,36.742408752441406,37.92203140258789,9.310486793518066,19.78178596496582,20.278348922729492,9.420251846313477,32.34706115722656,36.882381439208984,37.52317810058594,9.294243812561035,21.227401733398438,20.206539154052734,10.488176345825195,34.04154586791992,38.81277084350586,38.99129104614258,10.288959503173828,24.286897659301758,21.661104202270508,12.312379837036133,35.112796783447266,40.17118835449219,39.715728759765625,9.960147857666016,25.595462799072266,21.43294334411621,12.874693870544434,35.5080451965332,40.746665954589844,39.67234802246094,9.582985877990723,24.645309448242188,20.828453063964844,12.762261390686035,10.926363945007324,0.04831083491444588,0.04831083491444588,0.03284035995602608,0.03651338815689087,0.03747845068573952,0.036956071853637695,0.038253191858530045,0.03769660368561745,0.03722985088825226,0.03650025278329849,0.04076945781707764,0.04374070465564728,0.036626506596803665,0.03624320775270462,0.038871198892593384,0.031986553221940994,0.03737495467066765,0.04214278608560562,0.044580649584531784,0.037085503339767456,0.03672490641474724,0.039894379675388336,0.03326811268925667,0.038094356656074524,0.043274376541376114,0.044663235545158386,0.03636832907795906,0.038636066019535065,0.03960604965686798,0.036797866225242615,0.03809751197695732,0.04343921318650246,0.044192954897880554,0.036305177956819534,0.04145965725183487,0.03946582227945328,0.04096968099474907,0.04009338468313217,0.0457126647233963,0.045922357589006424,0.040191467851400375,0.04743531718850136,0.042306751012802124,0.04809526726603508,0.041355084627866745,0.04731258749961853,0.04677610471844673,0.03890635073184967,0.04999057948589325,0.041861068457365036,0.050291940569877625,0.04182054102420807,0.047990310937166214,0.04672504588961601,0.03743043169379234,0.04813510179519653,0.04068043828010559,0.04985205456614494,20000,234.19822711876213
0.03736421891621181,0.03853454068303108,0.039497500019414086,0.04042416172368186,0.04133721441030502,0.04506670204656465,0.046082036303622384,0.04558774722473962,3.498540163040161,2.4866985976696014,0.0392456091940403,0.04423016728833318,0.04501368012279272,0.03786508971825242,0.04313623858615756,0.04058487620204687,0.042081695050001144,88.9176254272461,88.9176254272461,28.584095001220703,31.487558364868164,32.33967971801758,9.588433265686035,19.972888946533203,19.627580642700195,9.705114364624023,31.808244705200195,35.299476623535156,37.86207962036133,9.509905815124512,18.911420822143555,20.223684310913086,8.326995849609375,32.55569076538086,36.49208450317383,38.559181213378906,9.625256538391113,19.230867385864258,20.76839828491211,8.710714340209961,33.18605041503906,37.48788070678711,38.58650207519531,9.426565170288086,20.24676513671875,20.590490341186523,9.651983261108398,33.16382598876953,37.59373474121094,38.13197326660156,9.389128684997559,21.726789474487305,20.48076057434082,10.752409934997559,34.88971710205078,39.56342697143555,39.61555480957031,10.369693756103516,24.891353607177734,21.874759674072266,12.613986015319824,35.978248596191406,40.94892883300781,40.35121536254883,9.999162673950195,26.331140518188477,21.620058059692383,13.243895530700684,36.408164978027344,41.55899429321289,40.310123443603516,9.641098022460938,25.375682830810547,21.050504684448242,13.178203582763672,11.073431968688965,0.04912262782454491,0.04912262782454491,0.03366571664810181,0.03708534315228462,0.03808889538049698,0.03745443746447563,0.03900948166847229,0.03833504021167755,0.037910617887973785,0.037463027983903885,0.04157495126128197,0.04459298029541969,0.037147972732782364,0.03693630173802376,0.03949926793575287,0.03252728283405304,0.038343384861946106,0.042979516088962555,0.04541344195604324,0.03759690001606941,0.037559956312179565,0.04056291654706001,0.034026384353637695,0.03908582404255867,0.04415232688188553,0.04544577747583389,0.03682222217321396,0.03954422473907471,0.04021568223834038,0.037703074514865875,0.03905957192182541,0.04427693784236908,0.04490995407104492,0.03667576238512993,0.042435046285390854,0.04000137746334076,0.04200185090303421,0.041092339903116226,0.04659678041934967,0.04665758088231087,0.040506843477487564,0.04861590266227722,0.04272405058145523,0.04927341639995575,0.04237432777881622,0.04822850227355957,0.04752457141876221,0.03905877470970154,0.05142735689878464,0.04222650080919266,0.05173422023653984,0.04288068041205406,0.04894698038697243,0.04747623950242996,0.037657804787158966,0.04956163838505745,0.04111417382955551,0.05147671326994896,22000,238.6670632474506
0.03798367402383259,0.039193135287080495,0.040212735533714294,0.04113398545554706,0.04203297623566219,0.04580673202872276,0.046870490802185874,0.04644314731870379,3.4616849422454834,2.4572243988513947,0.04012701706960797,0.044987733475863934,0.04569303942844272,0.03823022684082389,0.044071669690310955,0.04108172608539462,0.043025854509323835,90.26528930664062,90.26528930664062,29.24241828918457,31.96083641052246,32.84259033203125,9.713743209838867,20.327938079833984,19.941774368286133,9.862521171569824,32.5395622253418,35.910125732421875,38.50442123413086,9.643507957458496,19.23897361755371,20.52927589416504,8.458784103393555,33.301666259765625,37.14066696166992,39.188148498535156,9.758234024047852,19.625226974487305,21.089317321777344,8.89167594909668,33.931304931640625,38.14119338989258,39.17315673828125,9.53612232208252,20.66692543029785,20.874345779418945,9.863958358764648,33.89939880371094,38.22700881958008,38.677650451660156,9.471590042114258,22.1835994720459,20.71871566772461,10.992122650146484,35.66204071044922,40.247535705566406,40.18034362792969,10.444008827209473,25.42938232421875,22.070329666137695,12.889599800109863,36.7585563659668,41.65044403076172,40.91444778442383,10.033806800842285,26.995264053344727,21.79134750366211,13.587897300720215,37.226043701171875,42.30002212524414,40.8902473449707,9.696322441101074,26.051124572753906,21.256206512451172,13.570332527160645,11.199824333190918,0.04986704885959625,0.04986704885959625,0.034440986812114716,0.03764278441667557,0.03868115320801735,0.037943728268146515,0.039702922105789185,0.03894868493080139,0.03852545842528343,0.03832433372735977,0.04229407012462616,0.04534952715039253,0.03766965493559837,0.03757607936859131,0.04009612277150154,0.03304215893149376,0.03922198712825775,0.04374339058995247,0.046154193580150604,0.03811630979180336,0.038330238312482834,0.041189778596162796,0.03473325073719025,0.039963580667972565,0.044921714812517166,0.04613659158349037,0.03724989295005798,0.04036485403776169,0.040770091116428375,0.03853117302060127,0.03992586210370064,0.0450228676199913,0.04555273801088333,0.036997754126787186,0.04332725703716278,0.04046616703271866,0.04293818771839142,0.04200196638703346,0.047402478754520416,0.047322772443294525,0.040797118097543716,0.04966673627495766,0.043106019496917725,0.05035003274679184,0.04329337924718857,0.0490548238158226,0.04818791151046753,0.03919388726353645,0.05272442102432251,0.042561039328575134,0.053077973425388336,0.04384404048323631,0.049819737672805786,0.04815942794084549,0.03787346929311752,0.05088084936141968,0.041515905410051346,0.05300860106945038,24000,242.73413840270996
0.038549798407724926,0.0397908091545105,0.04085177768554006,0.04179045291883605,0.042674613318273,0.046483050499643595,0.0475970022380352,0.047216935349362235,3.4260642528533936,2.4288834035396576,0.04092678613960743,0.04567773314192891,0.04630468925461173,0.038565976079553366,0.04493220383301377,0.041537303011864424,0.04389044316485524,91.50547790527344,91.50547790527344,29.843570709228516,32.38774871826172,33.30104446411133,9.835494041442871,20.645797729492188,20.239439010620117,9.999274253845215,33.204559326171875,36.47148132324219,39.09049987792969,9.764373779296875,19.534881591796875,20.81285285949707,8.57273006439209,33.97681427001953,37.728919982910156,39.75875473022461,9.87656021118164,19.97274398803711,21.375810623168945,9.048567771911621,34.6130256652832,38.744625091552734,39.71010971069336,9.647194862365723,21.049129486083984,21.14175033569336,10.055132865905762,34.57391357421875,38.81749725341797,39.16360855102539,9.55010986328125,22.60228729248047,20.95279312133789,11.209122657775879,36.34941482543945,40.856239318847656,40.67569351196289,10.50882625579834,25.94073486328125,22.240856170654297,13.155670166015625,37.45555114746094,42.27490997314453,41.41139602661133,10.066089630126953,27.626314163208008,21.947612762451172,13.915567398071289,37.97663116455078,42.98308563232422,41.41463088989258,9.736226081848145,26.671245574951172,21.42629623413086,13.931530952453613,11.316787719726562,0.050552189350128174,0.050552189350128174,0.03514906018972397,0.03814556449651718,0.039221178740262985,0.038419339805841446,0.04032373055815697,0.03953007981181145,0.03905963525176048,0.039107561111450195,0.04295535013079643,0.046039681881666183,0.038141924887895584,0.038153983652591705,0.04064994305372238,0.033487219363451004,0.04001713544130325,0.04443613067269325,0.04682633653283119,0.03857859596610069,0.03900903835892677,0.041749194264411926,0.03534601256251335,0.04076644033193588,0.045632485300302505,0.046768929809331894,0.03768366947770119,0.04111134633421898,0.04129238799214363,0.03927791118621826,0.040720295161008835,0.045718297362327576,0.04612503573298454,0.03730444610118866,0.044145021587610245,0.04092330485582352,0.04378589242696762,0.04281153157353401,0.0481194369494915,0.04790611192584038,0.04105033725500107,0.05066542699933052,0.04343913495540619,0.05138937383890152,0.044114258140325546,0.04979029297828674,0.048773154616355896,0.03932001069188118,0.05395708978176117,0.04286625608801842,0.05435795336961746,0.044728007167577744,0.0506243072450161,0.04877708479762077,0.03802948445081711,0.052091993391513824,0.04184812307357788,0.05441954731941223,26000,246.44581022286383
0.03904755147440093,0.04034308929528509,0.041452556848526,0.04238610927547727,0.04323814223919596,0.047094766050577164,0.048248404903071265,0.04792062725339617,3.3759822845458984,2.4041606783866882,0.04165566526353359,0.04631102550774813,0.04686191864311695,0.03886590339243412,0.04570333752781153,0.04195313109084964,0.044663859996944666,92.6373291015625,92.6373291015625,30.398561477661133,32.792449951171875,33.7315559387207,9.930754661560059,20.91988754272461,20.497936248779297,10.11056137084961,33.81698989868164,36.9962272644043,39.622840881347656,9.87806224822998,19.802640914916992,21.083263397216797,8.676301956176758,34.588279724121094,38.26518630981445,40.281982421875,9.995559692382812,20.30185890197754,21.649959564208984,9.200719833374023,35.24419021606445,39.3099365234375,40.202640533447266,9.74303150177002,21.39262580871582,21.381669998168945,10.2257719039917,35.18345642089844,39.35108947753906,39.607120513916016,9.617955207824707,22.965662002563477,21.15656089782715,11.389257431030273,36.97611618041992,41.412654876708984,41.12022399902344,10.573633193969727,26.390087127685547,22.406545639038086,13.388781547546387,38.0936393737793,42.84931945800781,41.86479187011719,10.087739944458008,28.184558868408203,22.083219528198242,14.212055206298828,38.6431770324707,43.58946228027344,41.879512786865234,9.772618293762207,27.244384765625,21.581504821777344,14.26809024810791,11.391746520996094,0.05117756873369217,0.05117756873369217,0.03580271825194359,0.0386221706867218,0.039728209376335144,0.03879144415259361,0.040859051048755646,0.040034931153059006,0.039494335651397705,0.039828844368457794,0.043573323637247086,0.04666667804121971,0.03858586400747299,0.03867695480585098,0.041178155690431595,0.03389180451631546,0.040737345814704895,0.04506771266460419,0.047442492097616196,0.039043474942445755,0.03965181112289429,0.04228464886546135,0.03594041243195534,0.04150984063744545,0.046298250555992126,0.047349072992801666,0.03805793076753616,0.04178224876523018,0.04176098853349686,0.03994443267583847,0.04143812879920006,0.0463467501103878,0.046647366136312485,0.03756919503211975,0.044854722917079926,0.04132126644253731,0.04448956623673439,0.043549615889787674,0.04877478629350662,0.0484296977519989,0.04130346328020096,0.05154312402009964,0.043762706220149994,0.052299968898296356,0.044865820556879044,0.05046684667468071,0.0493071973323822,0.03940432518720627,0.055047325789928436,0.043131135404109955,0.055516183376312256,0.045513007789850235,0.05133836343884468,0.0493246354162693,0.03817152976989746,0.05321146175265312,0.04215121641755104,0.05573417618870735,28000,249.82801501530372
0.03951862135103771,0.04085242907915797,0.04198578904782023,0.04292619441236768,0.0437897869518825,0.04762795514294079,0.048829705587455204,0.04856395614998681,3.3959598541259766,2.382350206375122,0.04231989523395896,0.04688891023397446,0.047368891537189484,0.039135920349508524,0.04641055455431342,0.042325698770582676,0.04538276232779026,93.70001983642578,93.70001983642578,30.91388702392578,33.173362731933594,34.14338684082031,10.023938179016113,21.176424026489258,20.739383697509766,10.218160629272461,34.365447998046875,37.463619232177734,40.10862350463867,9.993178367614746,20.043947219848633,21.34480857849121,8.769721984863281,35.143306732177734,38.7515869140625,40.74907684326172,10.094669342041016,20.596622467041016,21.89161491394043,9.334098815917969,35.8106803894043,39.81284713745117,40.64305877685547,9.82448959350586,21.716196060180664,21.59641456604004,10.387839317321777,35.74702453613281,39.849212646484375,40.01966857910156,9.697117805480957,23.321964263916016,21.35545539855957,11.576530456542969,37.544918060302734,41.91837692260742,41.518917083740234,10.616742134094238,26.7863826751709,22.53223991394043,13.596014022827148,38.67243576049805,43.36909103393555,42.26902770996094,10.09325122833252,28.69643211364746,22.186172485351562,14.487685203552246,39.25859451293945,44.153629302978516,42.30259704589844,9.809000968933105,27.760517120361328,21.720531463623047,14.573857307434082,11.478728294372559,0.051764823496341705,0.051764823496341705,0.03640960529446602,0.03907080739736557,0.04021322727203369,0.03915558382868767,0.04136009141802788,0.04050648957490921,0.03991454467177391,0.04047480225563049,0.04412383586168289,0.04723893105983734,0.03903558477759361,0.03914821147918701,0.041688937693834305,0.0342567004263401,0.0413910336792469,0.04564063251018524,0.04799257963895798,0.039430584758520126,0.04022757709026337,0.04275667667388916,0.03646143898367882,0.04217700660228729,0.046890560537576675,0.04786772280931473,0.03837593272328377,0.04241420701146126,0.042180415242910385,0.040577515959739685,0.042101871222257614,0.04693342745304108,0.04713322967290878,0.037878502160310745,0.0455506257712841,0.04170976206660271,0.04522109031677246,0.04421955719590187,0.049370307475328445,0.04889926686882973,0.041471779346466064,0.052317116409540176,0.044008202850818634,0.05310945585370064,0.0455474816262722,0.05107893794775009,0.04978327825665474,0.03942602500319481,0.05604715272784233,0.0433323048055172,0.05659275874495506,0.04623780399560928,0.05200277268886566,0.04982289671897888,0.0383133701980114,0.054219454526901245,0.04242280125617981,0.056928593665361404,30000,252.9343080085927
0.03994693873184068,0.04129943837012563,0.042479069105216434,0.04340291182909693,0.044260209160191674,0.04811297995703561,0.049381346574851444,0.04913875354187829,3.3561043739318848,2.3561161160469055,0.04291770188137889,0.047410959377884865,0.04782347474247217,0.03938086749985814,0.04704401129856706,0.04266109969466925,0.04603082686662674,94.65867614746094,94.65867614746094,31.385705947875977,33.527793884277344,34.52540588378906,10.114984512329102,21.395793914794922,20.96831703186035,10.306170463562012,34.858543395996094,37.88445281982422,40.54365539550781,10.08602237701416,20.26041030883789,21.565351486206055,8.852664947509766,35.65201187133789,39.20314025878906,41.180721282958984,10.188132286071777,20.865083694458008,22.111433029174805,9.460741996765137,36.31478500366211,40.26103210449219,41.02814865112305,9.897689819335938,21.996797561645508,21.785232543945312,10.530988693237305,36.24706268310547,40.29263687133789,40.37559509277344,9.754337310791016,23.62712860107422,21.52326011657715,11.73412036895752,38.05165481567383,42.3680305480957,41.87067413330078,10.664896011352539,27.14149284362793,22.65580940246582,13.783260345458984,39.198890686035156,43.844139099121094,42.6402473449707,10.114014625549316,29.170875549316406,22.297693252563477,14.748563766479492,39.80821990966797,44.65625762939453,42.67781448364258,9.834047317504883,28.235553741455078,21.833330154418945,14.854594230651855,11.54074764251709,0.05229458585381508,0.05229458585381508,0.03696528822183609,0.039488330483436584,0.040663160383701324,0.039511244744062424,0.04178852215409279,0.04095365107059479,0.04025837406516075,0.04105555638670921,0.044619426131248474,0.04775122553110123,0.03939839452505112,0.039571039378643036,0.04211968183517456,0.03458074480295181,0.041990168392658234,0.046172432601451874,0.04850098863244057,0.039795663207769394,0.040751971304416656,0.04318609833717346,0.03695616126060486,0.04277071729302406,0.04741841182112694,0.04832129552960396,0.03866179287433624,0.04296219348907471,0.04254918918013573,0.04113678261637688,0.042690861970186234,0.04745567589998245,0.04755241796374321,0.038101695477962494,0.04614664241671562,0.042037516832351685,0.04583665356040001,0.04481641948223114,0.04990004003047943,0.049313463270664215,0.04165990650653839,0.053010668605566025,0.0442495197057724,0.053840842097997665,0.04616747424006462,0.051638469099998474,0.050220441073179245,0.039507292211055756,0.05697382986545563,0.04355007782578468,0.05761184170842171,0.04688512906432152,0.05259488895535469,0.05026480555534363,0.03841095045208931,0.05514722317457199,0.04264306277036667,0.058025214821100235,32000,255.7324536849729
0.040335306099482944,0.04171326916132655,0.04291754003082003,0.04384380845086915,0.04469032000218119,0.04855678869145257,0.049861014421497075,0.04965706595352718,3.4083166122436523,2.340376168489456,0.043454424012452364,0.047879232093691826,0.04823030764237046,0.03961145831272006,0.047617694828659296,0.042966938111931086,0.046618168707937,95.53276824951172,95.53276824951172,31.809814453125,33.839195251464844,34.863460540771484,10.207134246826172,21.58965492248535,21.182907104492188,10.382112503051758,35.30201721191406,38.2661018371582,40.93281936645508,10.184988021850586,20.452991485595703,21.78132438659668,8.92486572265625,36.10149383544922,39.59962844848633,41.56285858154297,10.269661903381348,21.107051849365234,22.30805015563965,9.57532787322998,36.77375030517578,40.67156982421875,41.38019561767578,9.971625328063965,22.25442123413086,21.965177536010742,10.659994125366211,36.70037078857422,40.694091796875,40.6987419128418,9.809932708740234,23.90570068359375,21.678712844848633,11.877128601074219,38.51301574707031,42.78144836425781,42.19472122192383,10.708255767822266,27.46540641784668,22.76863670349121,13.955429077148438,39.66099548339844,44.260005950927734,42.96123504638672,10.120349884033203,29.60423469543457,22.373226165771484,14.985920906066895,40.30105972290039,45.10639953613281,43.01169967651367,9.854183197021484,28.66356086730957,21.935070037841797,15.113282203674316,11.59938907623291,0.052777573466300964,0.052777573466300964,0.037464823573827744,0.03985503315925598,0.04106123372912407,0.039871104061603546,0.04216720163822174,0.041372764855623245,0.04055498167872429,0.04157792031764984,0.04506884887814522,0.048209574073553085,0.039785001426935196,0.03994718939065933,0.04254154860973358,0.03486280143260956,0.04251950979232788,0.04663941264152527,0.048951055854558945,0.04011452943086624,0.041224487125873566,0.043570034205913544,0.03740375116467476,0.04331130534410477,0.04790186882019043,0.0487358532845974,0.038950830698013306,0.04346541687846184,0.04290066286921501,0.04164072126150131,0.043224792927503586,0.04792845994234085,0.04793301597237587,0.038318783044815063,0.04669075459241867,0.04234115406870842,0.046395279467105865,0.045359641313552856,0.05038687586784363,0.04969517141580582,0.04182926192879677,0.053643301129341125,0.044469937682151794,0.05451333150267601,0.0467117503285408,0.05212832987308502,0.050598498433828354,0.03953179344534874,0.05782007426023483,0.04369762912392616,0.058539025485515594,0.047465648502111435,0.05312502756714821,0.05065805837512016,0.03849036246538162,0.05598313361406326,0.042841773480176926,0.05903545767068863,34000,258.25904142020033
0.04066983450736318,0.042072129036699026,0.04331618281347411,0.04423602457557406,0.045072417706251144,0.04894177455987249,0.050291361553328376,0.05012373573013714,3.3435983657836914,2.3226682245731354,0.0439298152923584,0.048296301160007715,0.04859110666438937,0.03982061147689819,0.04812079528346658,0.04323840793222189,0.04713599011301994,96.33173370361328,96.33173370361328,32.19292068481445,34.133548736572266,35.187137603759766,10.27647876739502,21.750844955444336,21.36055564880371,10.440951347351074,35.692867279052734,38.603816986083984,41.283748626708984,10.271017074584961,20.616228103637695,21.96748161315918,8.981745719909668,36.49488067626953,39.9454460144043,41.88906478881836,10.356181144714355,21.32485008239746,22.49526023864746,9.67943286895752,37.17719650268555,41.03193283081055,41.68947982788086,10.036439895629883,22.48735809326172,22.122455596923828,10.77934455871582,37.1062126159668,41.05421447753906,40.98336410522461,9.863781929016113,24.148168563842773,21.816951751708984,12.000882148742676,38.9184684753418,43.14302062988281,42.4710807800293,10.742650985717773,27.74857521057129,22.863874435424805,14.107137680053711,40.071048736572266,44.63065719604492,43.243839263916016,10.127823829650879,29.98560333251953,22.448762893676758,15.2005615234375,40.7381706237793,45.5088005065918,43.3087043762207,9.880073547363281,29.042070388793945,22.029783248901367,15.344477653503418,11.642866134643555,0.0532190203666687,0.0532190203666687,0.037916023284196854,0.04020174592733383,0.04144253954291344,0.04014194384217262,0.04248199984431267,0.04171973466873169,0.04078485444188118,0.04203822463750839,0.04546661302447319,0.04862292483448982,0.04012104123830795,0.040266022086143494,0.04290511831641197,0.035084959119558334,0.04298285022377968,0.04704670608043671,0.04933525621891022,0.04045248031616211,0.04164990410208702,0.043935634195804596,0.03781044855713844,0.043786488473415375,0.04832629859447479,0.04910019785165787,0.03920411691069603,0.04392032325267792,0.043207813054323196,0.042106933891773224,0.043702684342861176,0.04835258051753044,0.048268262296915054,0.038529202342033386,0.047164350748062134,0.04261116310954094,0.04687868058681488,0.04583726078271866,0.050812702625989914,0.05002059042453766,0.041963640600442886,0.05419635772705078,0.044655941426754,0.05510592833161354,0.04719465598464012,0.05256480723619461,0.05093127861618996,0.03956107795238495,0.05856502428650856,0.04384516552090645,0.059377521276474,0.04798033460974693,0.053598955273628235,0.05100780352950096,0.03859138861298561,0.056722380220890045,0.04302669316530228,0.059938594698905945,36000,260.5164530238783
0.04096431178706033,0.04240702252302851,0.04366826904671533,0.044578346822943,0.04541356435843876,0.04930247685738972,0.05065628779785974,0.05052804946899414,3.2683255672454834,2.309369385242462,0.044350472278892994,0.04866338334977627,0.048907374031841755,0.040001523680984974,0.04857290117070079,0.04347957484424114,0.04760330822318792,97.05252075195312,97.05252075195312,32.523681640625,34.37225341796875,35.456363677978516,10.338401794433594,21.90009880065918,21.522994995117188,10.49803352355957,36.04302215576172,38.90622329711914,41.59797668457031,10.359728813171387,20.765724182128906,22.149335861206055,9.036005020141602,36.855918884277344,40.267940521240234,42.19845962524414,10.424509048461914,21.51401710510254,22.65125274658203,9.77014446258545,37.54030990600586,41.35795211791992,41.96691131591797,10.09090805053711,22.684040069580078,22.263259887695312,10.878199577331543,37.45677185058594,41.36410140991211,41.22334289550781,9.910876274108887,24.374528884887695,21.940683364868164,12.118532180786133,39.268985748291016,43.45361328125,42.70738983154297,10.781547546386719,28.02579116821289,22.957487106323242,14.258580207824707,40.429832458496094,44.952178955078125,43.48298263549805,10.130946159362793,30.31226348876953,22.507198333740234,15.381526947021484,41.130577087402344,45.87047576904297,43.57110595703125,9.887980461120605,29.379024505615234,22.10079002380371,15.550601959228516,11.673506736755371,0.053617145866155624,0.053617145866155624,0.03830558806657791,0.04048290103673935,0.04175960272550583,0.04038377106189728,0.04277355968952179,0.0420370027422905,0.04100775718688965,0.042450595647096634,0.04582276940345764,0.048993032425642014,0.040467482060194016,0.04055798053741455,0.043260324746370316,0.0352969728410244,0.04340806230902672,0.04742647707462311,0.04969961568713188,0.04071929678320885,0.04201935976743698,0.04424029216170311,0.03816477954387665,0.044214051216840744,0.04871032014489174,0.04942679777741432,0.03941686078906059,0.044304508715867996,0.04348281770944595,0.0424930714070797,0.0441155768930912,0.04871758446097374,0.04855092242360115,0.038713328540325165,0.047606464475393295,0.042852796614170074,0.047338277101516724,0.04625007137656212,0.05117853358387947,0.050299033522605896,0.042115580290555954,0.054737843573093414,0.04483875259757042,0.055697523057460785,0.04761728644371033,0.052943527698516846,0.05121305212378502,0.03957356512546539,0.05920293554663658,0.043959252536296844,0.06008439511060715,0.048442546278238297,0.05402495339512825,0.05131693556904793,0.038622304797172546,0.0573805570602417,0.043165359646081924,0.06074368953704834,38000,262.523837200685
0.04123207554221153,0.042677385466439385,0.0439816207758018,0.04487800172397068,0.04569902004940169,0.04959475089396749,0.050991730498416085,0.05088193927492414,3.324035406112671,2.2896350622177124,0.04471549950540066,0.048984122928231955,0.04918009601533413,0.04015533719211817,0.04896479332819581,0.043684851843863726,0.04800975788384676,97.69537353515625,97.69537353515625,32.82461929321289,34.60820388793945,35.71125793457031,10.413447380065918,22.007104873657227,21.682493209838867,10.530865669250488,36.34120559692383,39.163509368896484,41.86543273925781,10.422579765319824,20.8896427154541,22.290138244628906,9.077178955078125,37.161354064941406,40.53763961791992,42.456214904785156,10.490009307861328,21.685283660888672,22.799345016479492,9.855326652526855,37.85356903076172,41.63923263549805,42.20326232910156,10.138608932495117,22.860565185546875,22.38273048400879,10.968908309936523,37.759090423583984,41.630767822265625,41.43074035644531,9.94821834564209,24.561765670776367,22.04530906677246,12.212701797485352,39.58270263671875,43.73483657836914,42.91832733154297,10.803567886352539,28.245012283325195,23.021020889282227,14.375982284545898,40.7429313659668,45.23350524902344,43.687103271484375,10.129020690917969,30.625886917114258,22.554351806640625,15.563431739807129,41.4630241394043,46.175540924072266,43.784767150878906,9.894342422485352,29.685388565063477,22.15842056274414,15.739680290222168,11.692312240600586,0.053972408175468445,0.053972408175468445,0.03866006061434746,0.04076070711016655,0.04205978661775589,0.04067695140838623,0.04298251494765282,0.042348530143499374,0.04113597795367241,0.042801812291145325,0.046125803142786026,0.04930798336863518,0.040712978690862656,0.04080002382397652,0.04353531450033188,0.035457782447338104,0.043767765164375305,0.04774419218301773,0.05000312626361847,0.040975265204906464,0.04235389456152916,0.044529542326927185,0.03849755972623825,0.04458301514387131,0.04904163256287575,0.04970515891909599,0.03960332274436951,0.044649336487054825,0.0437161922454834,0.04284735396504402,0.044471677392721176,0.04903160408139229,0.04879532381892204,0.038859132677316666,0.04797216132283211,0.043057117611169815,0.04770612344145775,0.04661955311894417,0.05150975286960602,0.05054745823144913,0.04220161959528923,0.05516599118709564,0.04496286064386368,0.05615602061152458,0.04798600450158119,0.05327492579817772,0.0514533594250679,0.039565954357385635,0.05981556326150894,0.044051334261894226,0.06079497188329697,0.04883410781621933,0.05438436567783356,0.05156857147812843,0.038647472858428955,0.05797886103391647,0.04327792301774025,0.061482273042201996,40000,264.2777693060187
0.04145101936800139,0.04292949501957212,0.04424410366586277,0.04513184353709221,0.04595491981932095,0.0498510588492666,0.05128323872174535,0.05118491340960775,3.233556032180786,2.27705055475235,0.045033521484583616,0.049263323191553354,0.04941540537402034,0.040291535668075085,0.04930123034864664,0.04386322479695082,0.04835852747783065,98.2626953125,98.2626953125,33.07865905761719,34.79581832885742,35.92402648925781,10.470643043518066,22.097883224487305,21.814563751220703,10.557297706604004,36.601768493652344,39.389259338378906,42.104068756103516,10.48942756652832,20.99924087524414,22.432767868041992,9.117410659790039,37.43220138549805,40.77971267700195,42.68865966796875,10.54235553741455,21.82436180114746,22.918909072875977,9.91934585571289,38.12199401855469,41.87890625,42.40073013305664,10.182578086853027,23.007387161254883,22.482358932495117,11.043882369995117,38.03458023071289,41.878257751464844,41.61317825317383,9.980589866638184,24.72907066345215,22.134864807128906,12.297745704650879,39.848663330078125,43.972999572753906,43.088375091552734,10.828919410705566,28.435562133789062,23.0826416015625,14.480607986450195,41.01608657836914,45.47714614868164,43.863807678222656,10.130650520324707,30.895605087280273,22.598295211791992,15.718282699584961,41.754703521728516,46.44763946533203,43.97254943847656,9.89371109008789,29.949657440185547,22.200014114379883,15.903754234313965,11.702808380126953,0.05428574979305267,0.05428574979305267,0.038959208875894547,0.04098173975944519,0.04231034964323044,0.04090031236410141,0.043159786611795425,0.04260651022195816,0.04123922809958458,0.04310863837599754,0.04639171436429024,0.04958909749984741,0.040974076837301254,0.041014041751623154,0.04381389915943146,0.035614997148513794,0.044086799025535583,0.04802928864955902,0.050276920199394226,0.04117956757545471,0.042625512927770615,0.044763024896383286,0.03874761238694191,0.04489917680621147,0.04932389780879021,0.049937792122364044,0.03977500647306442,0.044936031103134155,0.04391080513596535,0.043140195310115814,0.0447961688041687,0.04932315647602081,0.049010295420885086,0.03898549824953079,0.048298902809619904,0.043232083320617676,0.048038333654403687,0.046932823956012726,0.051790229976177216,0.05074765533208847,0.04230063036084175,0.05553818866610527,0.04508323594927788,0.05656464770436287,0.04830773547291756,0.053561799228191376,0.05166151002049446,0.03957231342792511,0.06034233048558235,0.04413712024688721,0.06139986217021942,0.0491776205599308,0.054704759269952774,0.051789622753858566,0.038644880056381226,0.05849504843354225,0.043359119445085526,0.06212334334850311,42000,265.807163180466
0.04163024574518204,0.043131365307739804,0.04446962795087269,0.04535862484148571,0.0461748694734914,0.050073765218257904,0.051506709839616506,0.05146319844893047,3.28865385055542,2.2606047987937927,0.045304852072149515,0.04950116015970707,0.049614251125603914,0.04039878584444523,0.049593084026128054,0.0440077786333859,0.04866244411095977,98.76500701904297,98.76500701904297,33.296974182128906,34.959041595458984,36.106300354003906,10.520129203796387,22.163965225219727,21.925153732299805,10.570591926574707,36.82400894165039,39.58126449584961,42.305355072021484,10.543861389160156,21.08110809326172,22.54796028137207,9.140646934509277,37.66549301147461,40.98826217651367,42.880149841308594,10.591751098632812,21.94171142578125,23.0240421295166,9.97182559967041,38.359928131103516,42.09347152709961,42.57982635498047,10.216602325439453,23.141714096069336,22.56479835510254,11.117429733276367,38.266815185546875,42.086456298828125,41.77058029174805,10.008999824523926,24.873245239257812,22.214426040649414,12.371339797973633,40.068885803222656,44.166507720947266,43.22757339477539,10.846212387084961,28.615848541259766,23.132184982299805,14.580774307250977,41.24184799194336,45.677406311035156,44.002925872802734,10.111876487731934,31.122692108154297,22.608116149902344,15.84866714477539,42.00766372680664,46.682918548583984,44.133392333984375,9.898999214172363,30.19382095336914,22.23979949951172,16.0594482421875,11.719194412231445,0.054563362151384354,0.054563362151384354,0.03921635076403618,0.04117395728826523,0.04252508655190468,0.04109369218349457,0.04328890144824982,0.04282248765230179,0.041291244328022,0.04337046667933464,0.04661780595779419,0.049826133996248245,0.04118654131889343,0.04117395356297493,0.044038884341716766,0.035705771297216415,0.04436154291033745,0.048274919390678406,0.05050249025225639,0.04137267917394638,0.04285471886396408,0.04496842995285988,0.03895261511206627,0.04517941176891327,0.04957658052444458,0.0501486174762249,0.03990795463323593,0.04519842565059662,0.044071804732084274,0.04342757910490036,0.045069705694913864,0.04956831783056259,0.04919564723968506,0.039096567779779434,0.04858054220676422,0.04338749125599861,0.04832581430673599,0.047192178666591644,0.05201815068721771,0.05091160163283348,0.04236818850040436,0.055890314280986786,0.045179981738328934,0.05695594102144241,0.04857361689209938,0.05379767343401909,0.05182528495788574,0.03949899598956108,0.06078587844967842,0.044156331568956375,0.06190918758511543,0.049475543200969696,0.05498187616467476,0.051979146897792816,0.03866566717624664,0.058971937745809555,0.043436817824840546,0.06273140013217926,44000,267.12346826166845
0.041784637208495824,0.043297557426350455,0.04466698957341058,0.04554401923503194,0.04636198654770851,0.05026392425809588,0.05172522099954741,0.051683059228318076,3.2118663787841797,2.2501839697360992,0.045536626130342484,0.049703790340572596,0.049783550668507814,0.04049284849315882,0.04984053457155824,0.044134135358035564,0.048919984605163336,99.22071838378906,99.22071838378906,33.48523712158203,35.09893798828125,36.2682991027832,10.55978012084961,22.221651077270508,22.01990509033203,10.583658218383789,37.011451721191406,39.7405891418457,42.477378845214844,10.588334083557129,21.146772384643555,22.646263122558594,9.155580520629883,37.86173629760742,41.162052154541016,43.047489166259766,10.633131980895996,22.045785903930664,23.11802101135254,10.02308177947998,38.554832458496094,42.266292572021484,42.723594665527344,10.246922492980957,23.25128936767578,22.64000701904297,11.172769546508789,38.46711349487305,42.26456069946289,41.90026092529297,10.035161972045898,24.995452880859375,22.280134201049805,12.433330535888672,40.26595687866211,44.34287643432617,43.349971771240234,10.859604835510254,28.76654815673828,23.16776466369629,14.665517807006836,41.436153411865234,45.85142517089844,44.121212005615234,10.112037658691406,31.334362030029297,22.638046264648438,15.97253704071045,42.223670959472656,46.885005950927734,44.2677116394043,9.896133422851562,30.385826110839844,22.263925552368164,16.18170928955078,11.730860710144043,0.054814983159303665,0.054814983159303665,0.03943810611963272,0.04133868217468262,0.042715884745121,0.04124855622649193,0.04340151324868202,0.04300753399729729,0.04134218394756317,0.04359114170074463,0.04680550843477249,0.0500287190079689,0.041360341012477875,0.041302237659692764,0.04423082619905472,0.03576412796974182,0.04459268972277641,0.04847954213619232,0.050699591636657715,0.041534289717674255,0.04305804520845413,0.0451519638299942,0.039152804762125015,0.045408908277750015,0.04978005588054657,0.05031798779964447,0.04002635180950165,0.04541243985295296,0.044218696653842926,0.04364369437098503,0.04530550539493561,0.04977810010313988,0.04934849590063095,0.039198826998472214,0.048819202929735184,0.043515823781490326,0.04856795072555542,0.047424186021089554,0.05222591385245323,0.05105579271912575,0.042420484125614166,0.05618461221456528,0.045249465852975845,0.05728701502084732,0.04880252480506897,0.054002635180950165,0.051964689046144485,0.039499521255493164,0.06119930371642113,0.044214800000190735,0.06239307299256325,0.04972994700074196,0.05521988496184349,0.05213724449276924,0.03865441679954529,0.05934692174196243,0.04348397254943848,0.06320902705192566,46000,268.26689758834357
0.041918525738375526,0.04344760200807026,0.044827280300004144,0.04569785509790693,0.04651538176195962,0.05041336960026196,0.05190413125923702,0.051881947687694004,3.258671522140503,2.2330847680568695,0.045732307713478804,0.04987560538575053,0.04992371704429388,0.04057719558477402,0.050046665128320456,0.04424078483134508,0.04913405608385801,99.61101531982422,99.61101531982422,33.642860412597656,35.21615982055664,36.40720748901367,10.605955123901367,22.260801315307617,22.11246109008789,10.586761474609375,37.172889709472656,39.88139724731445,42.62481689453125,10.636335372924805,21.197790145874023,22.746463775634766,9.16528606414795,38.02358627319336,41.304927825927734,43.17886734008789,10.666605949401855,22.133041381835938,23.18882179260254,10.066340446472168,38.72688293457031,42.42243576049805,42.84969711303711,10.269916534423828,23.3383846282959,22.698965072631836,11.215391159057617,38.631256103515625,42.41104507446289,42.000789642333984,10.057562828063965,25.098730087280273,22.33023452758789,12.48520278930664,40.42815017700195,44.48734664916992,43.446022033691406,10.86925983428955,28.883201599121094,23.19735336303711,14.729085922241211,41.604854583740234,46.0027961730957,44.22327423095703,10.103596687316895,31.51294708251953,22.65050506591797,16.07880401611328,42.40483093261719,47.05264663696289,44.37724685668945,9.89456844329834,30.567081451416016,22.28607749938965,16.299739837646484,11.734203338623047,0.05503058433532715,0.05503058433532715,0.03962375596165657,0.04147673770785332,0.04287944734096527,0.04142908751964569,0.04347800835967064,0.043188318610191345,0.04135432466864586,0.04378128796815872,0.046971287578344345,0.05020241439342499,0.04154786095023155,0.041401833295822144,0.04442654922604561,0.03580198064446449,0.044783297926187515,0.048647843301296234,0.05085435509681702,0.0416649766266346,0.0432283952832222,0.045290257781744,0.039321836084127426,0.045611582696437836,0.04996402561664581,0.050466518849134445,0.04011622816324234,0.04558258876204491,0.04433386027812958,0.04381018131971359,0.04549877345561981,0.049950629472732544,0.049466852098703384,0.0392862893640995,0.049020905047655106,0.04361363500356674,0.048770587891340256,0.047615282237529755,0.0523960217833519,0.05116895213723183,0.04245821014046669,0.0564124770462513,0.04530729353427887,0.05753535032272339,0.04900114983320236,0.054180942475795746,0.052084870636463165,0.039466530084609985,0.061548128724098206,0.04423915594816208,0.06280814111232758,0.04994333162903786,0.05541735514998436,0.05226632580161095,0.03864838182926178,0.05970098450779915,0.043527208268642426,0.06367004662752151,48000,269.2341124824615
0.04203051967280252,0.04357214644551277,0.04495755849140031,0.04583608891282763,0.04663350486329624,0.05054111033678055,0.05204851872154644,0.05204873053090913,3.2005867958068848,2.217519849538803,0.04589726869016886,0.050021469593048096,0.05004113307222724,0.040645050816237926,0.050217268988490105,0.04432671517133713,0.049310749396681786,99.94539642333984,99.94539642333984,33.78050231933594,35.32317352294922,36.52883529663086,10.646613121032715,22.284931182861328,22.19194221496582,10.58450984954834,37.30683135986328,39.99871826171875,42.74923324584961,10.680684089660645,21.23746681213379,22.82764434814453,9.170401573181152,38.16226577758789,41.42906188964844,43.297183990478516,10.69226360321045,22.200111389160156,23.249065399169922,10.095598220825195,38.87137222290039,42.552005767822266,42.95185852050781,10.294713020324707,23.41696548461914,22.753721237182617,11.258207321166992,38.769630432128906,42.53386688232422,42.0848388671875,10.068836212158203,25.1795597076416,22.366178512573242,12.523127555847168,40.5629997253418,44.60742950439453,43.52315139770508,10.87502384185791,28.989248275756836,23.217527389526367,14.788997650146484,41.7432861328125,46.12652587890625,44.299400329589844,10.094588279724121,31.661834716796875,22.65671157836914,16.167001724243164,42.558773040771484,47.198631286621094,44.47098159790039,9.890141487121582,30.720706939697266,22.300010681152344,16.40060043334961,11.731142044067383,0.055215299129486084,0.055215299129486084,0.03978591039776802,0.04160283878445625,0.043022725731134415,0.04158790037035942,0.04352512210607529,0.04334355890750885,0.04134558141231537,0.04393908381462097,0.047109536826610565,0.05034893378615379,0.04172108694911003,0.04147931560873985,0.044585131108760834,0.03582193702459335,0.04494661092758179,0.04879401624202728,0.0509936586022377,0.04176514223217964,0.04335939884185791,0.045407984405756,0.03943609818816185,0.04578172415494919,0.05011660233139992,0.050586823374032974,0.04021315649151802,0.04573605954647064,0.04444076120853424,0.04397749528288841,0.04566190391778946,0.05009528249502182,0.04956579953432083,0.03933015838265419,0.04917876049876213,0.043683890253305435,0.04891873896121979,0.047774069011211395,0.0525374561548233,0.051259785890579224,0.0424807108938694,0.056619614362716675,0.04534667357802391,0.05776946246623993,0.04916423186659813,0.054326653480529785,0.052174538373947144,0.039431340992450714,0.061838917434215546,0.04425128549337387,0.06315266340970993,0.05012461543083191,0.05558937042951584,0.052376799285411835,0.03863091021776199,0.060000963509082794,0.043554436415433884,0.06406401842832565,50000,270.0507021028418
0.04210959428123066,0.04367102576153619,0.045087016586746485,0.04594377162201064,0.04674377239176205,0.05064364469477108,0.05217120796442032,0.05218116247228214,3.151362895965576,2.2052278220653534,0.04603302851319313,0.05013999994844198,0.05013584205880761,0.040707838255912066,0.050358197651803493,0.04439988452941179,0.04945750534534454,100.23436737060547,100.23436737060547,33.88785171508789,35.39885711669922,36.62179183959961,10.675362586975098,22.29882049560547,22.25202751159668,10.577237129211426,37.4133415222168,40.08860397338867,42.849788665771484,10.715291023254395,21.270919799804688,22.892791748046875,9.174115180969238,38.276214599609375,41.530033111572266,43.39411163330078,10.734313011169434,22.26020622253418,23.319982528686523,10.126019477844238,38.98939895629883,42.65806198120117,43.03173065185547,10.313831329345703,23.477426528930664,22.797687530517578,11.288177490234375,38.890525817871094,42.643348693847656,42.15637969970703,10.085488319396973,25.253009796142578,22.400508880615234,12.559170722961426,40.67378616333008,44.705665588378906,43.584529876708984,10.880744934082031,29.071876525878906,23.236845016479492,14.834513664245605,41.85921096801758,46.230384826660156,44.364437103271484,10.08498477935791,31.790287017822266,22.6585636138916,16.245487213134766,42.687652587890625,47.319725036621094,44.5461311340332,9.881380081176758,30.84550666809082,22.304147720336914,16.484251022338867,11.725926399230957,0.05537514016032219,0.05537514016032219,0.03991236537694931,0.04169199988245964,0.04313219338655472,0.041700296103954315,0.043552231043577194,0.043460894376039505,0.041317179799079895,0.044064540416002274,0.04721532389521599,0.05046745389699936,0.041856374591588974,0.041544683277606964,0.044712357223033905,0.03583644703030586,0.04508077725768089,0.04891301319003105,0.05110779032111168,0.04192936047911644,0.043476805090904236,0.04554644599556923,0.03955492377281189,0.045920804142951965,0.05024154856801033,0.05068088695406914,0.04028778895735741,0.04585414379835129,0.044526636600494385,0.044094592332839966,0.04580424726009369,0.050224170088768005,0.04965002089738846,0.039395276457071304,0.049322228878736496,0.04375091567635536,0.04905954748392105,0.04790457338094711,0.05265311524271965,0.05133209377527237,0.04250306636095047,0.056780990213155746,0.04538438469171524,0.05794728919863701,0.04930058866739273,0.05444894731044769,0.05225111171603203,0.039393793791532516,0.062089819461107254,0.04425491765141487,0.06345927715301514,0.05027633160352707,0.0557318814098835,0.05246518552303314,0.0385967493057251,0.06024467945098877,0.043562524020671844,0.06439078599214554,52000,270.73239890078764
0.04217235956873212,0.04375312424131802,0.045178771018981934,0.04603373099650655,0.04682053306273052,0.0507333938564573,0.052270815308604925,0.05229142680764198,3.129275321960449,2.1935104727745056,0.04614235367625952,0.05023586563766003,0.050211187452077866,0.040755507070571184,0.05047124624252319,0.044456847943365574,0.04957437748089433,100.48372650146484,100.48372650146484,33.97706985473633,35.46541213989258,36.70314025878906,10.702686309814453,22.30063819885254,22.302854537963867,10.564618110656738,37.504669189453125,40.16898727416992,42.93701934814453,10.746731758117676,21.292150497436523,22.950464248657227,9.172313690185547,38.364524841308594,41.60606002807617,43.47018814086914,10.758630752563477,22.30610466003418,23.365114212036133,10.148157119750977,39.08814239501953,42.74701690673828,43.10275650024414,10.332520484924316,23.52326011657715,22.83647346496582,11.310391426086426,38.984657287597656,42.72807693481445,42.208866119384766,10.089455604553223,25.308820724487305,22.419843673706055,12.585405349731445,40.76155090332031,44.78289794921875,43.62824249267578,10.887944221496582,29.147048950195312,23.255311965942383,14.87841796875,41.9525032043457,46.3138313293457,44.412254333496094,10.075060844421387,31.901147842407227,22.655622482299805,16.312206268310547,42.78737258911133,47.41358184814453,44.59831237792969,9.876002311706543,30.952001571655273,22.31020736694336,16.55683135986328,11.726820945739746,0.05551290139555931,0.05551290139555931,0.04001738876104355,0.0417703352868557,0.043228019028902054,0.041806966066360474,0.043555766344070435,0.04356018081307411,0.04126786068081856,0.044172074645757675,0.047310035675764084,0.0505700558423996,0.04197920486330986,0.04158610850572586,0.04482501000165939,0.03582938015460968,0.04518477991223335,0.049002427607774734,0.05119742453098297,0.04202435910701752,0.043566446751356125,0.04563457518815994,0.03964138403534889,0.04603707417845726,0.05034630373120308,0.05076444149017334,0.040360841900110245,0.04594368860125542,0.0446024015545845,0.04418136551976204,0.04591512680053711,0.050324056297540665,0.0497119165956974,0.03941073641180992,0.049431212246418,0.043788667768239975,0.049162015318870544,0.04800792038440704,0.05274410918354988,0.051383521407842636,0.04253120720386505,0.056927770376205444,0.045420460402965546,0.05811876803636551,0.0494106188416481,0.054547268897295,0.052307482808828354,0.03935497999191284,0.06230630353093147,0.04424913972616196,0.06371991336345673,0.05039384588599205,0.05584238842129707,0.05252663791179657,0.03857576102018356,0.060452673584222794,0.04357434809207916,0.06467433273792267,54000,271.29218429010626
0.0422231810433524,0.04381542120661054,0.04525305490408625,0.04610835760831833,0.04688628709742001,0.050795329468590875,0.05235284726534571,0.05238327011466026,3.087178945541382,2.1827637255191803,0.046231106854975224,0.050313217099756,0.05026982584968209,0.04079290805384517,0.05056347977370024,0.04450228763744235,0.04966770485043526,100.69873809814453,100.69873809814453,34.048179626464844,35.515594482421875,36.770233154296875,10.729877471923828,22.295907974243164,22.352365493774414,10.54925537109375,37.579837799072266,40.235713958740234,43.00985336303711,10.771405220031738,21.303634643554688,22.99753189086914,9.16524887084961,38.441795349121094,41.67438507080078,43.533164978027344,10.778860092163086,22.339832305908203,23.402572631835938,10.1624755859375,39.169857025146484,42.82136535644531,43.15797805786133,10.347662925720215,23.563507080078125,22.86676788330078,11.330056190490723,39.05735397338867,42.7916145324707,42.24468231201172,10.101547241210938,25.35313606262207,22.44577407836914,12.60414981842041,40.83067321777344,44.841644287109375,43.65769958496094,10.887643814086914,29.20461654663086,23.260385513305664,14.910927772521973,42.02476501464844,46.37706756591797,44.443729400634766,10.063672065734863,32.00019836425781,22.650114059448242,16.37347984313965,42.87077331542969,47.49373245239258,44.641658782958984,9.864965438842773,31.04808807373047,22.306447982788086,16.623897552490234,11.723945617675781,0.05563172325491905,0.05563172325491905,0.04010121151804924,0.04182949289679527,0.04330707713961601,0.041913196444511414,0.04354655370116234,0.04365690052509308,0.04120783507823944,0.0442606620490551,0.04738864675164223,0.0506557859480381,0.042075544595718384,0.04160856455564499,0.04491693899035454,0.035801805555820465,0.045275866985321045,0.04908300191164017,0.05127166211605072,0.04210349917411804,0.04363230615854263,0.04570772498846054,0.039697322994470596,0.04613327607512474,0.050433799624443054,0.05082952603697777,0.04041988402605057,0.04602226987481117,0.04466158524155617,0.04425816237926483,0.04600069299340248,0.05039885640144348,0.04975413158535957,0.03945796191692352,0.04951779171824455,0.04383934661746025,0.049235228449106216,0.048089347779750824,0.0528133399784565,0.05141826719045639,0.04253001883625984,0.057040244340896606,0.045430392026901245,0.0582456961274147,0.04949570447206497,0.054621756076812744,0.05234444886445999,0.039310600608587265,0.0624997541308403,0.04423840343952179,0.0639592632651329,0.050492092967033386,0.055936843156814575,0.052577707916498184,0.0385325588285923,0.060640353709459305,0.04356700927019119,0.0649363249540329,56000,271.75332545515437
0.042266220918723514,0.04386252058403833,0.045309611197028844,0.04615629091858864,0.046938348029341014,0.050843010523489544,0.052419518785817285,0.052456360310316086,3.120581865310669,2.1722691655158997,0.0463011534884572,0.0503742815926671,0.05031537590548396,0.04082118673250079,0.05063330102711916,0.04453670419752598,0.049738393165171146,100.87574768066406,100.87574768066406,34.10403823852539,35.55644607543945,36.82308578491211,10.75635814666748,22.28952407836914,22.396963119506836,10.535712242126465,37.635467529296875,40.282752990722656,43.06584548950195,10.794330596923828,21.308008193969727,23.04245376586914,9.154253959655762,38.50204849243164,41.72800064086914,43.5834846496582,10.79434585571289,22.364046096801758,23.43032455444336,10.172835350036621,39.2314453125,42.876380920410156,43.19832992553711,10.35374641418457,23.589027404785156,22.88374137878418,11.341276168823242,39.118431091308594,42.84591293334961,42.27330017089844,10.108794212341309,25.38982391357422,22.46041488647461,12.621158599853516,40.88557815551758,44.88885498046875,43.68218994140625,10.886693954467773,29.249156951904297,23.26250457763672,14.935819625854492,42.08464050292969,46.43006896972656,44.468902587890625,10.053385734558105,32.07992172241211,22.644309997558594,16.42461395263672,42.9373893737793,47.557498931884766,44.67324447631836,9.855887413024902,31.125425338745117,22.30223846435547,16.67854881286621,11.711050987243652,0.05572948977351189,0.05572948977351189,0.0401669479906559,0.041877590119838715,0.043369270861148834,0.04201669991016388,0.04353407025337219,0.04374400153756142,0.04115496575832367,0.04432613402605057,0.04744402691721916,0.050721798092126846,0.04216505214571953,0.04161711409687996,0.04500465467572212,0.035758864134550095,0.045346830040216446,0.0491461455821991,0.051330871880054474,0.04216407984495163,0.04367958754301071,0.04576195031404495,0.03973781317472458,0.0462057925760746,0.05049864947795868,0.05087709054350853,0.040443647652864456,0.046072132885456085,0.044694725424051285,0.04430199787020683,0.04607264697551727,0.050462815910577774,0.04978776350617409,0.03948619216680527,0.049589429050683975,0.04386790469288826,0.04930168390274048,0.048154085874557495,0.052868857979774475,0.05144711956381798,0.042526330798864365,0.05712723731994629,0.04543450102210045,0.05834294110536575,0.049566272646188736,0.05468420311808586,0.05237415060400963,0.03927040845155716,0.0626554936170578,0.04422707483172417,0.06415902823209763,0.050570517778396606,0.05601196363568306,0.05261494219303131,0.03849708288908005,0.060791343450546265,0.04355882108211517,0.06514985114336014,58000,272.12047612745357
0.04228713469845908,0.04389569269759314,0.04536152045641627,0.0461999529174396,0.04697112472993987,0.05088625635419573,0.05247107733573232,0.05252014632735934,3.1157376766204834,2.1615791022777557,0.04635558929294348,0.05042123422026634,0.0503481044434011,0.040844885632395744,0.050689398776739836,0.04456329485401511,0.04979628510773182,101.03288269042969,101.03288269042969,34.14542770385742,35.58340072631836,36.86127853393555,10.772753715515137,22.274377822875977,22.42583656311035,10.517817497253418,37.677940368652344,40.31810760498047,43.10496139526367,10.81147575378418,21.309003829956055,23.07464027404785,9.144671440124512,38.55184555053711,41.77371597290039,43.6244010925293,10.811075210571289,22.385400772094727,23.457948684692383,10.183564186096191,39.279205322265625,42.918190002441406,43.22560501098633,10.36275863647461,23.61309051513672,22.902437210083008,11.353886604309082,39.16472625732422,42.887237548828125,42.29410934448242,10.113175392150879,25.412311553955078,22.46965980529785,12.626895904541016,40.93137741088867,44.92866134643555,43.70109939575195,10.886198043823242,29.29074478149414,23.265024185180664,14.960246086120605,42.12811279296875,46.467159271240234,44.48282241821289,10.04376220703125,32.14822006225586,22.635555267333984,16.46837615966797,42.990142822265625,47.6084098815918,44.696083068847656,9.850894927978516,31.19158363342285,22.30079460144043,16.727306365966797,11.709053039550781,0.05581635236740112,0.05581635236740112,0.04021575301885605,0.04190930724143982,0.04341426491737366,0.042080704122781754,0.043504491448402405,0.04380035400390625,0.04108506813645363,0.04437622055411339,0.04748564213514328,0.050767894834280014,0.042232073843479156,0.04161905124783516,0.045067522674798965,0.035721443593502045,0.04540547356009483,0.04919994994997978,0.051379069685935974,0.0422293059527874,0.04372125118970871,0.04581587389111519,0.03977971896529198,0.04626202583312988,0.05054793134331703,0.05090925097465515,0.04047888144850731,0.046119071543216705,0.044731225818395615,0.044351283460855484,0.04612719640135765,0.050511520355939865,0.04981238394975662,0.03950336202979088,0.049633342772722244,0.043885961174964905,0.04932410642504692,0.04820792376995087,0.0529157780110836,0.05146944895386696,0.04252438619732857,0.05720842629671097,0.04543944075703621,0.058438390493392944,0.04961742088198662,0.054727815091609955,0.05239061266183853,0.03923279792070389,0.0627889335155487,0.044209979474544525,0.06432998180389404,0.05063270032405853,0.0560719296336174,0.05264190956950188,0.038477573543787,0.06092062219977379,0.04355600103735924,0.06534028798341751,60000,272.41904844322454
0.04230301561100142,0.04391569005591529,0.045398958027362823,0.04622438390340124,0.046998049531664164,0.05092068122965949,0.05251184584839003,0.052567169070243835,3.093470335006714,2.1484892666339874,0.04639805434271693,0.05045779515057802,0.05037236958742142,0.0408575595356524,0.05073116114363074,0.044579808600246906,0.04983807075768709,101.1622085571289,101.1622085571289,34.17803955078125,35.60411071777344,36.894996643066406,10.790993690490723,22.255342483520508,22.45277976989746,10.497858047485352,37.709083557128906,40.34254837036133,43.13499450683594,10.825494766235352,21.303903579711914,23.099624633789062,9.130716323852539,38.589534759521484,41.806640625,43.65456771850586,10.823564529418945,22.399972915649414,23.480865478515625,10.188997268676758,39.31502151489258,42.94950866699219,43.24488067626953,10.365434646606445,23.625289916992188,22.909297943115234,11.359400749206543,39.203426361083984,42.92304992675781,42.308258056640625,10.112020492553711,25.435516357421875,22.471298217773438,12.637160301208496,40.96466064453125,44.9573860168457,43.7097053527832,10.887048721313477,29.325593948364258,23.26780128479004,14.980966567993164,42.167476654052734,46.50288009643555,44.4969596862793,10.031875610351562,32.203487396240234,22.623615264892578,16.50480079650879,43.029998779296875,47.647098541259766,44.71094512939453,9.841673851013184,31.246707916259766,22.294179916381836,16.768444061279297,11.701705932617188,0.055887576192617416,0.055887576192617416,0.040254101157188416,0.04193366691470146,0.04345403611660004,0.042151909321546555,0.04346730187535286,0.043852999806404114,0.04100709408521652,0.04441285505890846,0.04751448333263397,0.050803251564502716,0.042286865413188934,0.04160909354686737,0.04511633142828941,0.035666950047016144,0.04544983059167862,0.04923878610134125,0.051414672285318375,0.04227808862924576,0.04374970868229866,0.04586068540811539,0.03980093449354172,0.046304237097501755,0.05058479309082031,0.05093197152018547,0.04048928618431091,0.04614293947815895,0.04474465921521187,0.0443728007376194,0.04617275670170784,0.050553690642118454,0.04982897639274597,0.039498839527368546,0.049678705632686615,0.04388917237520218,0.049364205449819565,0.048247162252664566,0.05294957384467125,0.051479585468769073,0.04252774268388748,0.05727650597691536,0.04544487223029137,0.05851932615041733,0.049663785845041275,0.05476992949843407,0.05240711569786072,0.03918632119894028,0.06289684027433395,0.044186655431985855,0.0644722729921341,0.050679706037044525,0.05611743777990341,0.05265934765338898,0.03844142332673073,0.061028193682432175,0.04354309290647507,0.06550098210573196,62000,272.65300015411896
0.04230862749474389,0.04393429468785014,0.04542492223637445,0.04624763237578528,0.04701577605945723,0.05094094893762043,0.052540180406400135,0.05260875980768885,3.080742835998535,2.1416290998458862,0.04642989253625274,0.05048498697578907,0.050389254465699196,0.0408663023263216,0.050763859413564205,0.044589572586119175,0.049869630951434374,101.2757339477539,101.2757339477539,34.20044708251953,35.61587905883789,36.91474533081055,10.802678108215332,22.23690414428711,22.470783233642578,10.48017406463623,37.735294342041016,40.365394592285156,43.1622314453125,10.83838176727295,21.299100875854492,23.121618270874023,9.119620323181152,38.618255615234375,41.83242416381836,43.680301666259766,10.832154273986816,22.40793228149414,23.49492645263672,10.191746711730957,39.34573745727539,42.97629928588867,43.26335144042969,10.370494842529297,23.635623931884766,22.920480728149414,11.362293243408203,39.23134231567383,42.94776153564453,42.31565856933594,10.113089561462402,25.450380325317383,22.472978591918945,12.641475677490234,40.98915100097656,44.977874755859375,43.71299743652344,10.883430480957031,29.350582122802734,23.263608932495117,14.99595832824707,42.191341400146484,46.5234260559082,44.499237060546875,10.019410133361816,32.253658294677734,22.607892990112305,16.536718368530273,43.062015533447266,47.67875671386719,44.721588134765625,9.836299896240234,31.295509338378906,22.287242889404297,16.80500602722168,11.693443298339844,0.05595041438937187,0.05595041438937187,0.040280479937791824,0.04194755479693413,0.04347725957632065,0.04219760745763779,0.04343131184577942,0.0438881479203701,0.04093803092837334,0.04444374889135361,0.04754132032394409,0.050835270434617996,0.04233718663454056,0.04159970581531525,0.04515926539897919,0.035623565316200256,0.04548364877700806,0.04926915839314461,0.05144494026899338,0.0423116609454155,0.04376531019806862,0.04588804394006729,0.039811693131923676,0.0463404543697834,0.050616417080163956,0.05095367133617401,0.040509115904569626,0.04616313427686691,0.044766511768102646,0.044384121894836426,0.04620563983917236,0.050582826137542725,0.04983764514327049,0.03950309753417969,0.049707695841789246,0.043892454355955124,0.049381073564291,0.048276014626026154,0.05297374352812767,0.05148343741893768,0.042513612657785416,0.0573253408074379,0.045436661690473557,0.05857783183455467,0.049691859632730484,0.054794106632471085,0.05240991339087486,0.03913763538002968,0.06299486756324768,0.04415595903992653,0.06459692120552063,0.050717294216156006,0.0561547689139843,0.052671898156404495,0.038420502096414566,0.06112350896000862,0.043529536575078964,0.065643809735775,64000,272.8397994567555
0.04231456241437367,0.043943093823535104,0.04544024222663471,0.046262405812740326,0.04703074534024511,0.050958730812583654,0.052564293678317754,0.05263849347829819,3.0833899974823,2.136156305670738,0.04645333765074611,0.05050464952364564,0.05039992928504944,0.04087322438135743,0.05078791733831167,0.04459731699898839,0.04989212146028876,101.37012481689453,101.37012481689453,34.21745300292969,35.625911712646484,36.933555603027344,10.815449714660645,22.2191104888916,22.48928451538086,10.46385669708252,37.752105712890625,40.378265380859375,43.179962158203125,10.848444938659668,21.289663314819336,23.140737533569336,9.106158256530762,38.640689849853516,41.852073669433594,43.698543548583984,10.836538314819336,22.4117431640625,23.50246238708496,10.190927505493164,39.3709602355957,42.99936294555664,43.27671813964844,10.372339248657227,23.64177894592285,22.924373626708984,11.363312721252441,39.25046157836914,42.963802337646484,42.317665100097656,10.116286277770996,25.462980270385742,22.476055145263672,12.646016120910645,41.006717681884766,44.99205017089844,43.712677001953125,10.881097793579102,29.374279022216797,23.2596435546875,15.010822296142578,42.21055221557617,46.54024887084961,44.49943923950195,10.00903606414795,32.29524230957031,22.597259521484375,16.563873291015625,43.083805084228516,47.699615478515625,44.72406005859375,9.830867767333984,31.33343505859375,22.281362533569336,16.834081649780273,11.68700122833252,0.05600262060761452,0.05600262060761452,0.04030051454901695,0.04195941612124443,0.04349938780069351,0.042247526347637177,0.04339655861258507,0.04392427206039429,0.040874261409044266,0.04446348547935486,0.04755651578307152,0.05085623636841774,0.042376525700092316,0.041581250727176666,0.045196663588285446,0.03557097911834717,0.04551008716225624,0.049292244017124176,0.05146641656756401,0.04232886806130409,0.04377276822924614,0.045902833342552185,0.0398084782063961,0.04637017101049423,0.05064357444643974,0.050969406962394714,0.04051632061600685,0.04617518186569214,0.04477408528327942,0.04438810050487518,0.046228181570768356,0.05060167983174324,0.04984000697731972,0.03951569274067879,0.049732375890016556,0.04389846324920654,0.049398817121982574,0.0482967309653759,0.05299043655395508,0.051482975482940674,0.04250447079539299,0.05737162008881569,0.04542895779013634,0.05863592401146889,0.04971454292535782,0.05481397360563278,0.05241018906235695,0.039097122848033905,0.06307601928710938,0.0441351979970932,0.06470301002264023,0.0507429875433445,0.05617935582995415,0.05267481505870819,0.03839926794171333,0.061197564005851746,0.0435180626809597,0.0657574012875557,66000,272.9837279168805
0.0423157699406147,0.043949302818093984,0.04545641850147929,0.0462692209652492,0.04703709004180772,0.050967334636620114,0.05258375033736229,0.052660567952053886,3.0852298736572266,2.127019390463829,0.04647155897691846,0.050519734155386686,0.05040659895166755,0.04087590938434005,0.05080450791865587,0.044600354973226786,0.04990585893392563,101.45143127441406,101.45143127441406,34.22882843017578,35.6306266784668,36.94449996948242,10.82698917388916,22.200700759887695,22.50508689880371,10.447689056396484,37.76861572265625,40.392887115478516,43.19734191894531,10.856840133666992,21.2799072265625,23.1532039642334,9.092883110046387,38.65956115722656,41.869327545166016,43.71391677856445,10.843018531799316,22.415189743041992,23.511615753173828,10.191621780395508,39.3875732421875,43.01294708251953,43.2828369140625,10.373619079589844,23.642959594726562,22.92718505859375,11.361371994018555,39.26753616333008,42.979129791259766,42.3187255859375,10.11397933959961,25.469898223876953,22.47524070739746,12.646573066711426,41.01706314086914,44.99924087524414,43.70720672607422,10.876396179199219,29.392475128173828,23.252803802490234,15.021655082702637,42.2237434387207,46.5500602722168,44.495933532714844,10.001798629760742,32.33071517944336,22.587182998657227,16.58740997314453,43.10371398925781,47.719688415527344,44.72761535644531,9.822940826416016,31.36439323425293,22.271360397338867,16.857982635498047,11.68198013305664,0.056047603487968445,0.056047603487968445,0.04031384736299515,0.041964903473854065,0.04351218789815903,0.04229259490966797,0.04336060583591461,0.043955154716968536,0.040811095386743546,0.044482965022325516,0.04757378250360489,0.05087669938802719,0.04240936040878296,0.04156222194433212,0.045220959931612015,0.035519130527973175,0.04553227499127388,0.04931264370679855,0.05148448050022125,0.04235420376062393,0.04377944394946098,0.045920707285404205,0.03981117531657219,0.04638965427875519,0.05065947026014328,0.05097658932209015,0.040521323680877686,0.04617743194103241,0.044779546558856964,0.04438053071498871,0.046248286962509155,0.05061976984143257,0.04984125867486,0.039506591856479645,0.04974586144089699,0.043896887451410294,0.049400974065065384,0.04830889031291008,0.052998874336481094,0.051476601511240005,0.04248607158660889,0.05740714445710182,0.045415569096803665,0.058678191155195236,0.0497300885617733,0.05482553318142891,0.05240597575902939,0.03906887397170067,0.06314532458782196,0.04411549121141434,0.06479496508836746,0.050766464322805405,0.05620289593935013,0.052678998559713364,0.03836825489997864,0.06125802919268608,0.04349852353334427,0.06585080921649933,68000,273.09767798460143
0.0423143415578774,0.04395628986614091,0.04546627987708364,0.046277378286634176,0.04704521702868598,0.050973479236875265,0.05259575428707259,0.05267531690852983,3.0794098377227783,2.1224635243415833,0.04648533929139376,0.05053112003952265,0.050411205273121595,0.040879358537495136,0.05081612430512905,0.04460278386250138,0.04991511860862374,101.52279663085938,101.52279663085938,34.239192962646484,35.636898040771484,36.95808029174805,10.83576774597168,22.181180953979492,22.515832901000977,10.431571960449219,37.77923583984375,40.40108108520508,43.208953857421875,10.867527961730957,21.271120071411133,23.1695613861084,9.08176040649414,38.67237854003906,41.8804931640625,43.72612380981445,10.84693431854248,22.416797637939453,23.516990661621094,10.190993309020996,39.40097427368164,43.0246696472168,43.28853988647461,10.375349998474121,23.64613151550293,22.93094825744629,11.361454963684082,39.28121566772461,42.99119567871094,42.316978454589844,10.115560531616211,25.477035522460938,22.475326538085938,12.64871597290039,41.02640151977539,45.00602722167969,43.70287322998047,10.873930931091309,29.403682708740234,23.24946403503418,15.027671813964844,42.234649658203125,46.55876541137695,44.492252349853516,9.992963790893555,32.35807418823242,22.57520294189453,16.605249404907227,43.116065979003906,47.732173919677734,44.725467681884766,9.814581871032715,31.389814376831055,22.26029396057129,16.878747940063477,11.677960395812988,0.056086763739585876,0.056086763739585876,0.04032615199685097,0.0419723242521286,0.04352821782231331,0.0423269122838974,0.04332246631383896,0.043976157903671265,0.04074816033244133,0.04449552670121193,0.047583382576704025,0.050890348851680756,0.042451098561286926,0.0415450744330883,0.04525294154882431,0.035475656390190125,0.04554743319749832,0.049325715750455856,0.051498893648386,0.04236946254968643,0.04378259554505348,0.0459311343729496,0.0398087240755558,0.046405501663684845,0.05067325755953789,0.05098336935043335,0.04052812233567238,0.04618360847234726,0.04478694498538971,0.04438084363937378,0.046264342963695526,0.050633952021598816,0.04983927682042122,0.03951277211308479,0.04975979030132294,0.043897051364183426,0.04940933361649513,0.04831991344690323,0.053006868809461594,0.051471419632434845,0.04247645288705826,0.0574289970099926,0.04540902376174927,0.05870167911052704,0.049742888659238815,0.05483580008149147,0.05240166187286377,0.03903442621231079,0.0631987452507019,0.04409210756421089,0.06486465036869049,0.05078095570206642,0.05621765926480293,0.052676454186439514,0.03833562135696411,0.061307717114686966,0.04347690939903259,0.06593190133571625,70000,273.18996084654435
0.0423064971608775,0.04396126738616398,0.04547413811087608,0.04628158360719681,0.04704339908702033,0.05097948546920504,0.05260622767465455,0.05269218981266022,3.031956911087036,2.1162823289632797,0.04649633774533868,0.050540303345769644,0.05041413148865104,0.040879912208765745,0.05082306172698736,0.04460367513820529,0.04991926811635494,101.5831298828125,101.5831298828125,34.24602127075195,35.63985061645508,36.96670913696289,10.840669631958008,22.160085678100586,22.522600173950195,10.414244651794434,37.78756332397461,40.40755844116211,43.22087097167969,10.8767671585083,21.26203155517578,23.182838439941406,9.071300506591797,38.68362808227539,41.89063262939453,43.73384094238281,10.851652145385742,22.415861129760742,23.523006439208984,10.189030647277832,39.412933349609375,43.03546905517578,43.294342041015625,10.37530517578125,23.645771026611328,22.93202781677246,11.360068321228027,39.291969299316406,43.000980377197266,42.31535339355469,10.112604141235352,25.47762107849121,22.470951080322266,12.644611358642578,41.0338249206543,45.01158142089844,43.69800567626953,10.871870040893555,29.414066314697266,23.245908737182617,15.03459644317627,42.24247360229492,46.565093994140625,44.48761749267578,9.985015869140625,32.382476806640625,22.56494903564453,16.622037887573242,43.12646484375,47.74249267578125,44.72236251831055,9.8098783493042,31.41436767578125,22.254915237426758,16.89876365661621,11.671175956726074,0.05612028390169144,0.05612028390169144,0.040334176272153854,0.04197579249739647,0.04353839159011841,0.0423460379242897,0.043281249701976776,0.04398936778306961,0.04068046435713768,0.04450525715947151,0.04759104549884796,0.050904374569654465,0.04248722642660141,0.04152728617191315,0.045278869569301605,0.03543481230735779,0.04556059464812279,0.04933764040470123,0.05150803551077843,0.04238790273666382,0.04378079995512962,0.04594293609261513,0.03980105742812157,0.04641956090927124,0.05068599060177803,0.050990164279937744,0.040527962148189545,0.04618292674422264,0.044789060950279236,0.04437541961669922,0.04627702757716179,0.05064549297094345,0.04983735457062721,0.03950117528438568,0.04976091533899307,0.04388851299881935,0.049393314868211746,0.04832862690091133,0.05301344767212868,0.05146575719118118,0.042468395084142685,0.057449281215667725,0.04540213197469711,0.05872875824570656,0.049752168357372284,0.054843198508024216,0.052396129816770554,0.039003342390060425,0.06324641406536102,0.044072117656469345,0.06493022292852402,0.05079329013824463,0.05622981861233711,0.052672844380140305,0.038317255675792694,0.06135562062263489,0.04346640408039093,0.06601009517908096,72000,273.2648744434862
0.04230603841798646,0.04396117478609085,0.045480724424123764,0.04628418173108782,0.047045234590768814,0.05098343161599977,0.05261295448456492,0.05270579031535557,3.062187910079956,2.1108983755111694,0.04650403466075659,0.050546560902148485,0.05041513033211231,0.04088415298610926,0.05082926247268915,0.04460508469492197,0.04992286302149296,101.6358642578125,101.6358642578125,34.250675201416016,35.64109420776367,36.97333908081055,10.852855682373047,22.141775131225586,22.53680992126465,10.399503707885742,37.79525375366211,40.41414260864258,43.23035430908203,10.882061958312988,21.251466751098633,23.190906524658203,9.059935569763184,38.690589904785156,41.89616775512695,43.74025344848633,10.855112075805664,22.416715621948242,23.527210235595703,10.189142227172852,39.422157287597656,43.043914794921875,43.297847747802734,10.376197814941406,23.644014358520508,22.93393898010254,11.357378005981445,39.29856491088867,43.00710678100586,42.31144332885742,10.11439037322998,25.47968864440918,22.471824645996094,12.64200496673584,41.039127349853516,45.01565933227539,43.693294525146484,10.868924140930176,29.423702239990234,23.24112319946289,15.040783882141113,42.24700164794922,46.56782913208008,44.48095703125,9.977217674255371,32.40386962890625,22.553449630737305,16.636770248413086,43.1338996887207,47.75031280517578,44.71860122680664,9.805667877197266,31.436410903930664,22.247697830200195,16.916505813598633,11.666370391845703,0.0561494380235672,0.0561494380235672,0.040339693427085876,0.0419771708548069,0.04354620352387428,0.042393628507852554,0.043245505541563034,0.04401715099811554,0.04062291607260704,0.04451427608728409,0.04759876802563667,0.05091557279229164,0.04250791296362877,0.041506681591272354,0.0452946200966835,0.03539039194583893,0.04556883126497269,0.04934417083859444,0.051515527069568634,0.04240143299102783,0.043782420456409454,0.04595118761062622,0.039801500737667084,0.046430427581071854,0.05069594457745552,0.05099424347281456,0.040531452745199203,0.046179503202438354,0.0447927787899971,0.04436492174863815,0.04628481715917587,0.050652675330638885,0.04983261227607727,0.039508186280727386,0.04976500943303108,0.04389021173119545,0.04938312992453575,0.04833482950925827,0.0530182309448719,0.05146019533276558,0.04245692864060402,0.05746814236044884,0.04539276286959648,0.05875293165445328,0.049757421016693115,0.05484652891755104,0.052388276904821396,0.038972921669483185,0.0632881373167038,0.04404964670538902,0.06498774886131287,0.05080198124051094,0.05623899772763252,0.052668411284685135,0.038300760090351105,0.0613986998796463,0.043452318757772446,0.06607936322689056,74000,273.3253160215788
0.04229701150740896,0.04396195390394756,0.04548840703708785,0.046288352991853444,0.047045670981918065,0.05098621387566839,0.052622653011764796,0.05271087906190327,3.061049461364746,2.108662098646164,0.04650972783565521,0.05055086640641093,0.050414483062922955,0.04088525706902146,0.050834006164222956,0.04460495011880994,0.04992670891806483,101.68492889404297,101.68492889404297,34.25351333618164,35.6407470703125,36.97858428955078,10.856161117553711,22.12308692932129,22.541568756103516,10.384641647338867,37.80002212524414,40.418182373046875,43.23625564575195,10.887980461120605,21.243009567260742,23.1997127532959,9.050822257995605,38.69635772705078,41.90073013305664,43.74530792236328,10.860760688781738,22.4172420501709,23.533117294311523,10.18937873840332,39.43049621582031,43.051368713378906,43.300079345703125,10.377909660339355,23.644149780273438,22.93609619140625,11.356521606445312,39.30088806152344,43.00812530517578,42.30515670776367,10.114251136779785,25.48278045654297,22.471647262573242,12.642346382141113,41.04166030883789,45.01722717285156,43.68601608276367,10.867643356323242,29.43144989013672,23.237545013427734,15.045900344848633,42.251888275146484,46.571556091308594,44.475276947021484,9.972540855407715,32.42418670654297,22.54705238342285,16.6510066986084,43.140892028808594,47.7575569152832,44.71480941772461,9.797446250915527,31.451190948486328,22.23577117919922,16.929290771484375,11.662288665771484,0.056176405400037766,0.056176405400037766,0.04034307226538658,0.04197683930397034,0.04355238750576973,0.04240654036402702,0.04320899397134781,0.04402640834450722,0.04056483879685402,0.04451996088027954,0.04760345444083214,0.05092249810695648,0.04253104329109192,0.04149016737937927,0.045311786234378815,0.03535476699471474,0.045575663447380066,0.049349553883075714,0.05152152478694916,0.04242349788546562,0.04378347843885422,0.045962702482938766,0.0398024283349514,0.04644027352333069,0.05070478841662407,0.05099695548415184,0.04053813964128494,0.04617977887392044,0.044796980917453766,0.044361554086208344,0.04628755524754524,0.05065383389592171,0.04982530698180199,0.0395076684653759,0.049771007150411606,0.04388986527919769,0.0493844598531723,0.04833786189556122,0.053020063787698746,0.05145168676972389,0.04245191067457199,0.057483263313770294,0.04538577422499657,0.05877293646335602,0.04976318031549454,0.05485080927610397,0.05238160863518715,0.03895464166998863,0.06332787126302719,0.0440370999276638,0.0650433599948883,0.050810255110263824,0.056247588247060776,0.0526638962328434,0.03826861456036568,0.061427488923072815,0.04342898353934288,0.06612932682037354,76000,273.37548152705006
0.0422936316047396,0.04395767833505358,0.04549116375190871,0.046287751091378074,0.04704632077898298,0.05098513194492885,0.05262880665915353,0.052720789930650165,3.0322461128234863,2.1062812358140945,0.04651540191844106,0.05055553466081619,0.050414121244102716,0.040885306894779205,0.050835739355534315,0.04460359225049615,0.04992516851052642,101.72743225097656,101.72743225097656,34.25707244873047,35.641578674316406,36.984283447265625,10.864143371582031,22.105976104736328,22.550697326660156,10.371566772460938,37.80360794067383,40.42072296142578,43.240535736083984,10.891094207763672,21.232807159423828,23.203277587890625,9.04024600982666,38.70229721069336,41.905731201171875,43.74991989135742,10.863667488098145,22.414438247680664,23.535871505737305,10.186720848083496,39.43648910522461,43.056400299072266,43.300209045410156,10.377820014953613,23.641948699951172,22.935592651367188,11.353522300720215,39.30656814575195,43.01327133178711,42.301876068115234,10.115323066711426,25.48322868347168,22.471120834350586,12.64018726348877,41.046138763427734,45.020652770996094,43.68149185180664,10.863733291625977,29.435333251953125,23.23134422302246,15.04804801940918,42.25630187988281,46.57514953613281,44.47079849243164,9.96657657623291,32.44155502319336,22.53912925720215,16.662174224853516,43.14592742919922,47.76356887817383,44.70992660522461,9.792430877685547,31.46890640258789,22.229856491088867,16.94429588317871,11.658360481262207,0.05620011314749718,0.05620011314749718,0.04034716635942459,0.04197780415415764,0.04355913773179054,0.04243772476911545,0.0431755892932415,0.044044237583875656,0.04051376134157181,0.04452412202954292,0.047606490552425385,0.05092750862240791,0.042543161660432816,0.0414702408015728,0.045318786054849625,0.0353134386241436,0.04558262974023819,0.04935552924871445,0.051527008414268494,0.04243488982319832,0.043778009712696075,0.045968037098646164,0.03979204222559929,0.04644731432199478,0.05071074515581131,0.0509970523416996,0.040537793189287186,0.046175453811883926,0.04479604586958885,0.044349852949380875,0.04629429802298546,0.0506599135696888,0.049821436405181885,0.039511848241090775,0.04977187141776085,0.04388885945081711,0.04937601834535599,0.048343099653720856,0.05302403122186661,0.0514463409781456,0.0424366295337677,0.057490814477205276,0.04537369683384895,0.05878131091594696,0.049768391996622086,0.0548551008105278,0.05237632617354393,0.038931380957365036,0.06336180120706558,0.04402164742350578,0.06508699804544449,0.05081619322299957,0.056254662573337555,0.05265815928578377,0.038249026983976364,0.06146213412284851,0.04341742768883705,0.06618792563676834,78000,273.4196711263436
